elapsed_s,x,y,yaw,ball_x,ball_y,ball_captured,bot_mode,steering_state,direction,speed,rotation,kick,dribbler
1.4654839810000055,557.0560913085938,744.27783203125,2.7242956161499023,,,False,DEFENCE,False,9.814897808039365,0,0,False,False
1.467009388000001,557.0384521484375,744.266845703125,2.7290642261505127,,,False,DEFENCE,False,9.815358597533105,0,0,False,False
1.4684716840000007,557.0374145507812,744.2400512695312,2.725480794906616,,,False,DEFENCE,False,9.816904169027966,0,0,False,False
1.4702647400000046,557.057373046875,744.2555541992188,2.724350929260254,,,False,DEFENCE,False,9.816204426149907,0,0,False,False
1.484632425000001,556.5147094726562,744.1851806640625,2.881885290145874,,,False,DEFENCE,False,9.814839391106931,0,0,False,False
1.4880863330000054,556.4789428710938,744.1943359375,2.8861024379730225,,,False,DEFENCE,False,9.813948920994614,0,0,False,False
1.4895014990000064,556.494140625,744.2089233398438,2.8935937881469727,,,False,DEFENCE,False,9.81325485555523,0,0,False,False
1.4909201100000047,556.49072265625,744.2135620117188,2.8930020332336426,,,False,DEFENCE,False,9.812951316128586,0,0,False,False
1.4923187960000064,556.492431640625,744.1946411132812,2.893068790435791,,,False,DEFENCE,False,9.814066631814466,0,0,False,False
1.4937188700000021,556.4992065429688,744.187744140625,2.893059015274048,,,False,DEFENCE,False,9.814534948758942,0,0,False,False
1.495143203000005,556.5082397460938,744.1823120117188,2.8942973613739014,,,False,DEFENCE,False,9.814940926887811,0,0,False,False
1.4971227210000038,556.511962890625,744.1851196289062,2.8935976028442383,,,False,DEFENCE,False,9.814815355801443,0,0,False,False
1.5004799990000066,556.5113525390625,744.1890869140625,2.8911430835723877,,,False,DEFENCE,False,9.814578965221008,0,0,False,False
1.5018851100000035,556.5333251953125,744.2037353515625,2.8945882320404053,,,False,DEFENCE,False,9.813949366733814,0,0,False,False
1.503291333,556.5485229492188,744.1923828125,2.894484281539917,,,False,DEFENCE,False,9.814760887079444,0,0,False,False
1.504716203000001,556.5438842773438,744.1824340820312,2.894244909286499,,,False,DEFENCE,False,9.815291755309369,0,0,False,False
1.507082036,556.534423828125,744.172607421875,2.894580125808716,,,False,DEFENCE,False,9.815767111426261,0,0,False,False
1.5085189070000027,556.5321655273438,744.1622924804688,2.888442277908325,,,False,DEFENCE,False,9.816343123647309,0,0,False,False
1.509936777,556.5284423828125,744.1668090820312,2.887561321258545,,,False,DEFENCE,False,9.816043587273493,0,0,False,False
1.5122683330000015,556.5343017578125,744.1597290039062,2.886488676071167,,,False,DEFENCE,False,9.81651336350132,0,0,False,False
1.5147350180000032,556.5209350585938,744.1530151367188,2.8858940601348877,,,False,DEFENCE,False,9.816768802213707,0,0,False,False
1.5161706290000012,556.53466796875,744.1546020507812,2.883333206176758,,,False,DEFENCE,False,9.816814614536774,0,0,False,False
1.5176118510000052,556.5415649414062,744.1539916992188,2.885209083557129,,,False,DEFENCE,False,9.816919306562113,0,0,False,False
1.5190394250000026,556.550048828125,744.1468505859375,2.8822832107543945,,,False,DEFENCE,False,9.817418994410078,0,0,False,False
1.5204643700000062,556.5512084960938,744.141845703125,2.8857929706573486,,,False,DEFENCE,False,9.817721133429261,0,0,False,False
1.5218861470000036,556.575927734375,744.1551513671875,2.8837318420410156,,,False,DEFENCE,False,9.817197117449316,0,0,False,False
1.5233015180000038,556.5910034179688,744.172119140625,2.8810205459594727,,,False,DEFENCE,False,9.816363653566796,0,0,False,False
1.526936536000001,556.6014404296875,744.165283203125,2.879221200942993,,,False,DEFENCE,False,9.816865266634043,0,0,False,False
1.528343518000007,556.58251953125,744.1516723632812,2.8767807483673096,,,False,DEFENCE,False,9.817465258270959,0,0,False,False
1.5297605180000033,556.5974731445312,744.1659545898438,2.8781402111053467,,,False,DEFENCE,False,9.816786450125466,0,0,False,False
1.5311616660000027,556.6068725585938,744.1563110351562,2.882413148880005,,,False,DEFENCE,False,9.817440616499022,0,0,False,False
1.532580129000003,556.5935668945312,744.1390991210938,2.883528709411621,,,False,DEFENCE,False,9.818306022553722,0,0,False,False
1.533998129000004,556.5932006835938,744.1663208007812,2.881998062133789,,,False,DEFENCE,False,9.816722282985484,0,0,False,False
1.5354176100000032,556.58349609375,744.1727905273438,2.8788771629333496,,,False,DEFENCE,False,9.816249287350987,0,0,False,False
1.5379872030000001,556.5917358398438,744.1635131835938,2.877831220626831,,,False,DEFENCE,False,9.816870537283393,0,0,False,False
1.5393963700000057,556.5679931640625,744.1602172851562,2.880505084991455,,,False,DEFENCE,False,9.816823384743877,0,0,False,False
1.5407990920000003,556.5723266601562,744.1482543945312,2.8827075958251953,,,False,DEFENCE,False,9.817561270262084,0,0,False,False
1.5422032210000012,556.5726928710938,744.1477661132812,2.8819591999053955,,,False,DEFENCE,False,9.81759328979728,0,0,False,False
1.5436137960000025,556.5736694335938,744.153076171875,2.878413677215576,,,False,DEFENCE,False,9.817294886502559,0,0,False,False
1.545018870000007,556.5723266601562,744.1692504882812,2.8797125816345215,,,False,DEFENCE,False,9.816342590945622,0,0,False,False
1.5473858329999999,556.5838012695312,744.1747436523438,2.8781135082244873,,,False,DEFENCE,False,9.816138984810378,0,0,False,False
1.5501997400000036,556.60302734375,744.1537475585938,2.8769640922546387,,,False,DEFENCE,False,9.817550790615742,0,0,False,False
1.5517739810000037,556.605224609375,744.159912109375,2.87819766998291,,,False,DEFENCE,False,9.817215039612213,0,0,False,False
1.5531969250000017,556.611572265625,744.1553344726562,2.8775899410247803,,,False,DEFENCE,False,9.81754450697496,0,0,False,False
1.5546201660000065,556.628173828125,744.1643676757812,2.87750506401062,,,False,DEFENCE,False,9.817186919210416,0,0,False,False
1.556035388000005,556.62451171875,744.1763916015625,2.879600763320923,,,False,DEFENCE,False,9.816452190934875,0,0,False,False
1.5574449070000043,556.63623046875,744.173095703125,2.8829524517059326,,,False,DEFENCE,False,9.816761207396087,0,0,False,False
1.5588639250000043,556.6236572265625,744.1609497070312,2.8813624382019043,,,False,DEFENCE,False,9.817339953277274,0,0,False,False
1.560278425,556.6347045898438,744.1689453125,2.881495237350464,,,False,DEFENCE,False,9.816986799081807,0,0,False,False
1.562023814000007,556.6242065429688,744.16845703125,2.8803679943084717,,,False,DEFENCE,False,9.81690969899755,0,0,False,False
1.5650155360000042,556.6312255859375,744.176025390625,2.8814022541046143,,,False,DEFENCE,False,9.816540879742751,0,0,False,False
1.5673667770000037,556.6311645507812,744.162109375,2.8811256885528564,,,False,DEFENCE,False,9.817348045666412,0,0,False,False
1.5687661290000037,556.6312255859375,744.1507568359375,2.8816208839416504,,,False,DEFENCE,False,9.81800763341139,0,0,False,False
1.5701859620000036,556.6207885742188,744.1454467773438,2.879695415496826,,,False,DEFENCE,False,9.818211019377419,0,0,False,False
1.585388518000002,551.6665649414062,748.01025390625,4.279361724853516,,,False,DEFENCE,False,9.545296461847823,0,0,False,False
1.5889125360000023,551.6629638671875,748.0110473632812,4.2711896896362305,,,False,DEFENCE,False,9.54521554265878,0,0,False,False
1.590351092000006,551.64794921875,748.0120239257812,4.27789831161499,,,False,DEFENCE,False,9.545013025431672,0,0,False,False
1.5917630730000027,551.6424560546875,748.00341796875,4.278710842132568,,,False,DEFENCE,False,9.54545736561749,0,0,False,False
1.593165184,551.6420288085938,748.0010375976562,4.283440113067627,,,False,DEFENCE,False,9.545590889620387,0,0,False,False
1.5946048880000063,551.6624755859375,748.0119018554688,4.286150932312012,,,False,DEFENCE,False,9.545161369003479,0,0,False,False
1.5960226470000052,551.6652221679688,748.0018310546875,4.281032085418701,,,False,DEFENCE,False,9.545770586934891,0,0,False,False
1.5974497960000065,551.6511840820312,748.0059204101562,4.278388500213623,,,False,DEFENCE,False,9.545397515529512,0,0,False,False
1.6008400550000061,551.654052734375,748.0143432617188,4.2796478271484375,,,False,DEFENCE,False,9.544938236177744,0,0,False,False
1.602246277000006,551.669921875,748.0264282226562,4.278027057647705,,,False,DEFENCE,False,9.54439356730873,0,0,False,False
1.6036509440000017,551.6553344726562,748.0219116210938,4.279062747955322,,,False,DEFENCE,False,9.544512943909242,0,0,False,False
1.6050752770000045,551.6478881835938,748.0415649414062,4.274247169494629,,,False,DEFENCE,False,9.543303770060628,0,0,False,False
1.6074274990000035,551.6444702148438,748.0465698242188,4.2726287841796875,,,False,DEFENCE,False,9.542981048612846,0,0,False,False
1.6088537960000053,551.6389770507812,748.0592651367188,4.2709736824035645,,,False,DEFENCE,False,9.54219333350911,0,0,False,False
1.6102749620000054,551.66064453125,748.0576782226562,4.269014835357666,,,False,DEFENCE,False,9.542495800011674,0,0,False,False
1.611867647000004,551.6668090820312,748.0526733398438,4.267983436584473,,,False,DEFENCE,False,9.542845233448825,0,0,False,False
1.6161749620000023,551.6647338867188,748.0693359375,4.270123481750488,,,False,DEFENCE,False,9.54186125745569,0,0,False,False
1.6176123140000058,551.6865844726562,748.1021728515625,4.267457962036133,,,False,DEFENCE,False,9.540174305494627,0,0,False,False
1.619010184000004,551.6973876953125,748.1043701171875,4.265830039978027,,,False,DEFENCE,False,9.540152229768907,0,0,False,False
1.6204226100000056,551.6824951171875,748.1102905273438,4.270111560821533,,,False,DEFENCE,False,9.539664993582317,0,0,False,False
1.6218513510000037,551.6734008789062,748.1288452148438,4.270413875579834,,,False,DEFENCE,False,9.538503320312055,0,0,False,False
1.6232710550000036,551.6554565429688,748.13134765625,4.269723415374756,,,False,DEFENCE,False,9.538184161897414,0,0,False,False
1.6246965180000004,551.6595458984375,748.1267700195312,4.270859241485596,,,False,DEFENCE,False,9.53848869149937,0,0,False,False
1.6281531660000041,551.668212890625,748.1177368164062,4.272322177886963,,,False,DEFENCE,False,9.539095442085891,0,0,False,False
1.6295905920000067,551.6863403320312,748.0723876953125,4.265793800354004,,,False,DEFENCE,False,9.541894815374505,0,0,False,False
1.631023184,551.6837158203125,748.0657348632812,4.263307094573975,,,False,DEFENCE,False,9.542254117891463,0,0,False,False
1.6324409440000025,551.6904296875,748.0696411132812,4.262288570404053,,,False,DEFENCE,False,9.54209344914839,0,0,False,False
1.6338476290000017,551.6846923828125,748.0797729492188,4.258234024047852,,,False,DEFENCE,False,9.541451604136189,0,0,False,False
1.6352631470000034,551.6853637695312,748.0911865234375,4.256035327911377,,,False,DEFENCE,False,9.540797929641494,0,0,False,False
1.6366824070000021,551.6697998046875,748.0941162109375,4.257724761962891,,,False,DEFENCE,False,9.540477156671665,0,0,False,False
1.638676740000001,551.6754150390625,748.093505859375,4.258387565612793,,,False,DEFENCE,False,9.540567050683931,0,0,False,False
1.6400697770000008,551.6415405273438,748.086181640625,4.264876365661621,,,False,DEFENCE,False,9.540661384429336,0,0,False,False
1.6414946290000003,551.6396484375,748.0701904296875,4.262540340423584,,,False,DEFENCE,False,9.541567935928635,0,0,False,False
1.642903870000005,551.6319580078125,748.05712890625,4.262876510620117,,,False,DEFENCE,False,9.54224864772389,0,0,False,False
1.6443070180000063,551.6378784179688,748.0494995117188,4.265406608581543,,,False,DEFENCE,False,9.542747498156983,0,0,False,False
1.6466616290000005,551.6483764648438,748.052978515625,4.260753154754639,,,False,DEFENCE,False,9.542648348506402,0,0,False,False
1.6480676660000029,551.6499633789062,748.0469970703125,4.261453151702881,,,False,DEFENCE,False,9.543009751029494,0,0,False,False
1.6496504620000039,551.6616821289062,748.0480346679688,4.259772300720215,,,False,DEFENCE,False,9.543063687839751,0,0,False,False
1.6520481660000002,551.6637573242188,748.0556030273438,4.262875080108643,,,False,DEFENCE,False,9.542646100329303,0,0,False,False
1.655379295000003,551.65576171875,748.0460815429688,4.26478385925293,,,False,DEFENCE,False,9.543119088856054,0,0,False,False
1.6567946660000032,551.63232421875,748.0240478515625,4.29813814163208,,,False,DEFENCE,False,9.544165606862038,0,0,False,False
1.6581958330000006,551.613037109375,748.0090942382812,4.307945728302002,,,False,DEFENCE,False,9.544842935798993,0,0,False,False
1.6595925920000028,551.6177978515625,748.0016479492188,4.322373867034912,,,False,DEFENCE,False,9.54531991556271,0,0,False,False
1.6610068330000018,551.6171875,747.994140625,4.333525657653809,,,False,DEFENCE,False,9.545748188085726,0,0,False,False
1.662426018000005,551.6153564453125,747.9959106445312,4.344643592834473,,,False,DEFENCE,False,9.545628004734105,0,0,False,False
1.6638667030000036,551.625732421875,747.9655151367188,4.357419967651367,,,False,DEFENCE,False,9.547486943669528,0,0,False,False
1.6658218880000035,551.6104125976562,747.9782104492188,4.368734359741211,,,False,DEFENCE,False,9.54660365413145,0,0,False,False
1.6685069620000021,551.623779296875,747.9950561523438,4.3887434005737305,,,False,DEFENCE,False,9.545759349293968,0,0,False,False
1.6699318880000007,551.6093139648438,748.015869140625,4.41249418258667,,,False,DEFENCE,False,9.544414881452383,0,0,False,False
1.6713497950000047,551.6016235351562,747.9972534179688,4.420936107635498,,,False,DEFENCE,False,9.545416776870274,0,0,False,False
1.686309295000001,545.4085693359375,747.1235961914062,4.394076347351074,,,False,DEFENCE,False,9.535776194010852,0,0,False,False
1.689333258000005,545.2942504882812,747.0923461914062,4.540854454040527,,,False,DEFENCE,False,9.53646841728184,0,0,False,False
1.6907654810000068,545.2825317382812,747.1087646484375,4.569311618804932,,,False,DEFENCE,False,9.535411827556207,0,0,False,False
1.692174388000005,545.263671875,747.1189575195312,4.5868239402771,,,False,DEFENCE,False,9.534644074613883,0,0,False,False
1.6935995360000007,545.2718505859375,747.093505859375,4.601487159729004,,,False,DEFENCE,False,9.536185541031932,0,0,False,False
1.6950282400000063,545.2852172851562,747.0964965820312,4.613895893096924,,,False,DEFENCE,False,9.536142717783946,0,0,False,False
1.6964441840000006,545.3040771484375,747.1096801757812,4.629818916320801,,,False,DEFENCE,False,9.535567191141132,0,0,False,False
1.698445721000006,545.3173828125,747.1145629882812,4.6447434425354,,,False,DEFENCE,False,9.535415038458005,0,0,False,False
1.7014379440000056,545.3129272460938,747.1239624023438,4.664316177368164,,,False,DEFENCE,False,9.534831887156567,0,0,False,False
1.7028618510000015,545.2861328125,747.1376953125,4.695822715759277,,,False,DEFENCE,False,9.533784113584694,0,0,False,False
1.7042910730000003,545.2803344726562,747.145263671875,4.710255146026611,,,False,DEFENCE,False,9.53329324471795,0,0,False,False
1.7066502580000034,545.2548828125,747.1258544921875,4.722860813140869,,,False,DEFENCE,False,9.53416293010524,0,0,False,False
1.7080822770000026,545.2315063476562,747.1119995117188,4.738107204437256,,,False,DEFENCE,False,9.534733446229119,0,0,False,False
1.7095180730000052,545.2238159179688,747.0909423828125,4.748681545257568,,,False,DEFENCE,False,9.535869169098987,0,0,False,False
1.7109226470000038,545.2340698242188,747.07861328125,4.762789249420166,,,False,DEFENCE,False,9.53667658108769,0,0,False,False
1.7137147950000013,545.2529296875,747.071533203125,4.775881290435791,,,False,DEFENCE,False,9.537265476195412,0,0,False,False
1.7161711660000023,545.2666015625,747.100341796875,4.806080341339111,,,False,DEFENCE,False,9.535742061181304,0,0,False,False
1.7176108320000054,545.2623291015625,747.1092529296875,4.836977005004883,,,False,DEFENCE,False,9.535188765249197,0,0,False,False
1.719022888000005,545.2514038085938,747.1334228515625,4.84986686706543,,,False,DEFENCE,False,9.533694458901717,0,0,False,False
1.7204251290000059,545.2285766601562,747.1464233398438,4.862873077392578,,,False,DEFENCE,False,9.532727144039812,0,0,False,False
1.7218459250000038,545.2017822265625,747.1487426757812,4.881833076477051,,,False,DEFENCE,False,9.532335330313582,0,0,False,False
1.7232718140000003,545.1893920898438,747.1392822265625,4.892354965209961,,,False,DEFENCE,False,9.53275937013502,0,0,False,False
1.7246881290000005,545.2041625976562,747.1261596679688,4.91062593460083,,,False,DEFENCE,False,9.533655912385736,0,0,False,False
1.728308147,545.2261352539062,747.1298217773438,4.925416469573975,,,False,DEFENCE,False,9.533657528292453,0,0,False,False
1.7297260360000024,545.2569580078125,747.1347045898438,4.958622932434082,,,False,DEFENCE,False,9.533674408685922,0,0,False,False
1.7311465360000042,545.2573852539062,747.13720703125,4.969883441925049,,,False,DEFENCE,False,9.533534734827514,0,0,False,False
1.7325610359999999,545.244873046875,747.1507568359375,4.989386081695557,,,False,DEFENCE,False,9.532635385610764,0,0,False,False
1.7339744810000042,545.24755859375,747.1614379882812,5.005092144012451,,,False,DEFENCE,False,9.53204753369523,0,0,False,False
1.7353917400000043,545.2108154296875,747.1810302734375,5.01820182800293,,,False,DEFENCE,False,9.530567224016226,0,0,False,False
1.7368142030000016,545.18505859375,747.2110595703125,5.0322465896606445,,,False,DEFENCE,False,9.528593271272024,0,0,False,False
1.7394037210000022,545.1947631835938,747.2017822265625,5.046650409698486,,,False,DEFENCE,False,9.529219954473522,0,0,False,False
1.7408228320000063,545.2188110351562,747.166748046875,5.07466459274292,,,False,DEFENCE,False,9.531465034853309,0,0,False,False
1.742236536,545.238037109375,747.1536865234375,5.090459823608398,,,False,DEFENCE,False,9.532401076862953,0,0,False,False
1.7436450550000018,545.2642211914062,747.1322631835938,5.10283899307251,,,False,DEFENCE,False,9.533884794458416,0,0,False,False
1.7450680180000049,545.28076171875,747.1463012695312,5.116671562194824,,,False,DEFENCE,False,9.53323774314074,0,0,False,False
1.7474092770000027,545.291015625,747.1658935546875,5.132226467132568,,,False,DEFENCE,False,9.532210828924343,0,0,False,False
1.7488227580000029,545.2896118164062,747.1582641601562,5.158037185668945,,,False,DEFENCE,False,9.532635706109565,0,0,False,False
1.7516468510000038,545.2696533203125,747.15478515625,5.176321506500244,,,False,DEFENCE,False,9.532643027525282,0,0,False,False
1.7544436470000022,545.2642822265625,747.1442260742188,5.206295013427734,,,False,DEFENCE,False,9.533197958201393,0,0,False,False
1.7558622770000056,545.279052734375,747.1341552734375,5.241343975067139,,,False,DEFENCE,False,9.533919208274822,0,0,False,False
1.757263721000001,545.2911376953125,747.1354370117188,5.256717681884766,,,False,DEFENCE,False,9.533962188693582,0,0,False,False
1.7586898320000017,545.3029174804688,747.1347045898438,5.274068355560303,,,False,DEFENCE,False,9.534117969017165,0,0,False,False
1.7600911470000042,545.3109741210938,747.1287231445312,5.289488315582275,,,False,DEFENCE,False,9.534539456363678,0,0,False,False
1.7615302030000066,545.3217163085938,747.147705078125,5.303225517272949,,,False,DEFENCE,False,9.533552319032271,0,0,False,False
1.7629436100000007,545.3323974609375,747.1401977539062,5.321916580200195,,,False,DEFENCE,False,9.534086829990136,0,0,False,False
1.7643651660000046,545.2962646484375,747.1351928710938,5.336739540100098,,,False,DEFENCE,False,9.534025700194395,0,0,False,False
1.7677509440000065,545.2953491210938,747.1289672851562,5.353542327880859,,,False,DEFENCE,False,9.53437461590437,0,0,False,False
1.769151592,545.3045043945312,747.111083984375,5.396583080291748,,,False,DEFENCE,False,9.535490645683959,0,0,False,False
1.7705624250000014,545.3222045898438,747.13037109375,5.4150495529174805,,,False,DEFENCE,False,9.534553153271561,0,0,False,False
1.7719847770000001,545.343017578125,747.1318359375,5.4318766593933105,,,False,DEFENCE,False,9.534669867386405,0,0,False,False
1.7871316660000005,545.1447143554688,746.947265625,3.0659701824188232,,,False,DEFENCE,False,9.543360527985369,0,0,False,False
1.7907668880000003,545.0790405273438,746.9952392578125,3.252858877182007,,,False,DEFENCE,False,9.539970163449969,0,0,False,False
1.7921956840000064,545.0535888671875,746.9646606445312,3.2926173210144043,,,False,DEFENCE,False,9.541481121782839,0,0,False,False
1.7936349620000058,545.0357666015625,746.9457397460938,3.3107123374938965,,,False,DEFENCE,False,9.542395973655731,0,0,False,False
1.7950492210000064,545.0025024414062,746.957763671875,3.3265914916992188,,,False,DEFENCE,False,9.541384040395846,0,0,False,False
1.796453721000006,544.989013671875,746.961181640625,3.344357490539551,,,False,DEFENCE,False,9.541057456539608,0,0,False,False
1.797876555000002,545.0016479492188,746.9522705078125,3.3598132133483887,,,False,DEFENCE,False,9.541691343941869,0,0,False,False
1.7992878320000045,545.0313720703125,746.9542846679688,3.3721184730529785,,,False,DEFENCE,False,9.541862660474331,0,0,False,False
1.8021357580000057,545.038818359375,746.957763671875,3.392979621887207,,,False,DEFENCE,False,9.541734707102895,0,0,False,False
1.8048370550000001,544.9894409179688,746.9613647460938,3.4321539402008057,,,False,DEFENCE,False,9.541051063317449,0,0,False,False
1.8072009810000011,544.9821166992188,746.973388671875,3.469312906265259,,,False,DEFENCE,False,9.54028964418324,0,0,False,False
1.8086515360000064,544.9700317382812,746.9766235351562,3.493133306503296,,,False,DEFENCE,False,9.539987150831044,0,0,False,False
1.810081406000002,544.9596557617188,746.9901123046875,3.514065980911255,,,False,DEFENCE,False,9.539112145887213,0,0,False,False
1.8115059810000034,544.963134765625,746.994140625,3.5352425575256348,,,False,DEFENCE,False,9.538914328239192,0,0,False,False
1.8129397400000045,544.9655151367188,746.9740600585938,3.5540218353271484,,,False,DEFENCE,False,9.540090802353811,0,0,False,False
1.8149385920000043,544.9552001953125,746.970947265625,3.5744245052337646,,,False,DEFENCE,False,9.540170029692158,0,0,False,False
1.8167354440000025,544.961669921875,746.9605712890625,3.6021745204925537,,,False,DEFENCE,False,9.540828514642982,0,0,False,False
1.8181635550000053,544.964599609375,746.9548950195312,3.6268186569213867,,,False,DEFENCE,False,9.541182861221655,0,0,False,False
1.8195930360000006,544.9560546875,746.958740234375,3.646578550338745,,,False,DEFENCE,False,9.540879481741413,0,0,False,False
1.8210355360000037,544.9749145507812,746.96923828125,3.666820526123047,,,False,DEFENCE,False,9.540458526216153,0,0,False,False
1.8224677400000004,544.9754028320312,746.9647216796875,3.685750961303711,,,False,DEFENCE,False,9.540722690422731,0,0,False,False
1.823893462000001,544.9828491210938,746.96630859375,3.70405912399292,,,False,DEFENCE,False,9.540703424182956,0,0,False,False
1.8253183140000004,544.9755859375,746.9735717773438,3.7237322330474854,,,False,DEFENCE,False,9.540216075836629,0,0,False,False
1.828930740000004,544.9657592773438,746.9681396484375,3.7435219287872314,,,False,DEFENCE,False,9.54043324657221,0,0,False,False
1.8303555180000046,544.9576416015625,746.9501342773438,3.7929301261901855,,,False,DEFENCE,False,9.541389149931568,0,0,False,False
1.8317549060000005,544.9542236328125,746.9771118164062,3.812326669692993,,,False,DEFENCE,False,9.539806494101132,0,0,False,False
1.8331748510000025,544.9351196289062,746.9813842773438,3.8340535163879395,,,False,DEFENCE,False,9.539376657366237,0,0,False,False
1.8346015920000056,544.9159545898438,746.989501953125,3.8516438007354736,,,False,DEFENCE,False,9.538725375403272,0,0,False,False
1.8360204620000005,544.91357421875,746.9879760742188,3.875046968460083,,,False,DEFENCE,False,9.538790047059429,0,0,False,False
1.8374181840000006,544.9005737304688,746.9755249023438,3.894742727279663,,,False,DEFENCE,False,9.539379757085118,0,0,False,False
1.8397780550000036,544.8953857421875,746.9562377929688,3.9157886505126953,,,False,DEFENCE,False,9.5404375146094,0,0,False,False
1.841191277,544.9208374023438,746.97021484375,3.943544864654541,,,False,DEFENCE,False,9.539880373506307,0,0,False,False
1.8426099059999999,544.9393310546875,746.9723510742188,3.961508274078369,,,False,DEFENCE,False,9.539936194248769,0,0,False,False
1.844024092000005,544.9384155273438,746.9688720703125,3.9863100051879883,,,False,DEFENCE,False,9.54012719585353,0,0,False,False
1.8454225920000056,544.931640625,746.9733276367188,4.004868030548096,,,False,DEFENCE,False,9.539805859337212,0,0,False,False
1.8477867770000032,544.9346923828125,746.980712890625,4.024519443511963,,,False,DEFENCE,False,9.539411098710184,0,0,False,False
1.849200536000005,544.9382934570312,746.9825439453125,4.058404445648193,,,False,DEFENCE,False,9.539340681019251,0,0,False,False
1.852024906000004,544.9354858398438,746.962890625,4.077049732208252,,,False,DEFENCE,False,9.540442495938269,0,0,False,False
1.8553643880000052,544.9053344726562,746.9503173828125,4.112552642822266,,,False,DEFENCE,False,9.540873622502236,0,0,False,False
1.856793555000003,544.9016723632812,746.9263305664062,4.151042461395264,,,False,DEFENCE,False,9.542216046074344,0,0,False,False
1.858214573000005,544.917724609375,746.8998413085938,4.173418045043945,,,False,DEFENCE,False,9.543892567063432,0,0,False,False
1.8596299620000067,544.9363403320312,746.8919677734375,4.185815334320068,,,False,DEFENCE,False,9.544524603773421,0,0,False,False
1.8610361290000057,544.957275390625,746.8878173828125,4.199288845062256,,,False,DEFENCE,False,9.544965203167536,0,0,False,False
1.8624514060000052,544.9434814453125,746.8994750976562,4.216409206390381,,,False,DEFENCE,False,9.544162349154972,0,0,False,False
1.8638654810000048,544.950927734375,746.9046630859375,4.231966018676758,,,False,DEFENCE,False,9.543936260877478,0,0,False,False
1.8807376840000032,543.711669921875,746.7216796875,2.559217929840088,,,False,DEFENCE,False,9.542480588407974,0,0,False,False
1.8821619060000003,543.70849609375,746.7545166015625,2.736260175704956,,,False,DEFENCE,False,9.540566178562695,0,0,False,False
1.8835723880000046,543.7175903320312,746.7628784179688,2.7507565021514893,,,False,DEFENCE,False,9.540174154184916,0,0,False,False
1.8859018320000018,543.7221069335938,746.7584228515625,2.7668745517730713,,,False,DEFENCE,False,9.540473316247178,0,0,False,False
1.8873177580000018,543.7239379882812,746.7494506835938,2.7843239307403564,,,False,DEFENCE,False,9.54100570096424,0,0,False,False
1.888736092000002,543.7098388671875,746.743896484375,2.8033230304718018,,,False,DEFENCE,False,9.54118838801796,0,0,False,False
1.8904984620000036,543.6900024414062,746.736328125,2.8185718059539795,,,False,DEFENCE,False,9.541431294141598,0,0,False,False
1.8919320920000047,543.6849365234375,746.7169189453125,2.837777853012085,,,False,DEFENCE,False,9.542495889662264,0,0,False,False
1.8933483880000068,543.6927490234375,746.7132568359375,2.854236602783203,,,False,DEFENCE,False,9.542781315759306,0,0,False,False
1.8947647210000014,543.687255859375,746.7228393554688,2.870194673538208,,,False,DEFENCE,False,9.54217862107252,0,0,False,False
1.8961698140000038,543.7049560546875,746.7174072265625,2.889240026473999,,,False,DEFENCE,False,9.542660943016608,0,0,False,False
1.897602036000002,543.71044921875,746.7139282226562,2.90281343460083,,,False,DEFENCE,False,9.54291350320006,0,0,False,False
1.899011943000005,543.7142333984375,746.7232666015625,2.917924642562866,,,False,DEFENCE,False,9.542414271571197,0,0,False,False
1.9005898510000065,543.7146606445312,746.733642578125,2.9328453540802,,,False,DEFENCE,False,9.541823136844265,0,0,False,False
1.9041512210000064,543.7203369140625,746.7427368164062,2.950881004333496,,,False,DEFENCE,False,9.541356146890546,0,0,False,False
1.9066097210000024,543.7150268554688,746.749267578125,2.984663248062134,,,False,DEFENCE,False,9.540930280038811,0,0,False,False
1.9089566290000022,543.7053833007812,746.7332153320312,3.0020408630371094,,,False,DEFENCE,False,9.541758183985047,0,0,False,False
1.9103853320000042,543.7098388671875,746.7557983398438,3.023543119430542,,,False,DEFENCE,False,9.540505593775043,0,0,False,False
1.9117964060000006,543.7059326171875,746.7417602539062,3.0328316688537598,,,False,DEFENCE,False,9.54127327376498,0,0,False,False
1.9131981660000008,543.7001342773438,746.7510375976562,3.04390811920166,,,False,DEFENCE,False,9.540685138971877,0,0,False,False
1.9146067400000035,543.6889038085938,746.7308349609375,3.0534896850585938,,,False,DEFENCE,False,9.541735828078806,0,0,False,False
1.916026536000004,543.6912841796875,746.7217407226562,3.062563419342041,,,False,DEFENCE,False,9.54228049318025,0,0,False,False
1.9183648880000064,543.700927734375,746.7310180664062,3.0757882595062256,,,False,DEFENCE,False,9.541841271076757,0,0,False,False
1.919789795000007,543.7056884765625,746.745849609375,3.088926315307617,,,False,DEFENCE,False,9.541036319926901,0,0,False,False
1.9211979990000003,543.7076416015625,746.7459716796875,3.100440263748169,,,False,DEFENCE,False,9.541048149829557,0,0,False,False
1.922616055000006,543.7099609375,746.74169921875,3.1073760986328125,,,False,DEFENCE,False,9.541315619132554,0,0,False,False
1.9240318690000038,543.706298828125,746.7452392578125,3.116661787033081,,,False,DEFENCE,False,9.541077220117138,0,0,False,False
1.9254312030000023,543.6954956054688,746.7494506835938,3.1264069080352783,,,False,DEFENCE,False,9.540731450953214,0,0,False,False
1.9277960180000022,543.682373046875,746.7560424804688,3.1361629962921143,,,False,DEFENCE,False,9.54022677133304,0,0,False,False
1.930165314,543.6943969726562,746.749267578125,3.1510486602783203,,,False,DEFENCE,False,9.540731362285742,0,0,False,False
1.9315851100000003,543.6875,746.7562255859375,3.164795398712158,,,False,DEFENCE,False,9.540265698297159,0,0,False,False
1.933010999000004,543.691162109375,746.75732421875,3.175969362258911,,,False,DEFENCE,False,9.54023798046854,0,0,False,False
1.9344325920000003,543.6907348632812,746.7507934570312,3.1843175888061523,,,False,DEFENCE,False,9.540608516199121,0,0,False,False
1.9358521840000051,543.6812744140625,746.7444458007812,3.1948466300964355,,,False,DEFENCE,False,9.540881447278219,0,0,False,False
1.9372768690000015,543.68310546875,746.7422485351562,3.2037103176116943,,,False,DEFENCE,False,9.541025153163881,0,0,False,False
1.9387043689999999,543.684814453125,746.7356567382812,3.2123661041259766,,,False,DEFENCE,False,9.541419783913602,0,0,False,False
1.940461925000001,543.6893310546875,746.7514038085938,3.2257320880889893,,,False,DEFENCE,False,9.540559966487676,0,0,False,False
1.941901147000003,543.7036743164062,746.7582397460938,3.245330810546875,,,False,DEFENCE,False,9.540306096003087,0,0,False,False
1.9433391660000012,543.7132568359375,746.7733764648438,3.2536308765411377,,,False,DEFENCE,False,9.539530106836976,0,0,False,False
1.944738980000004,543.7152709960938,746.7757568359375,3.261835813522339,,,False,DEFENCE,False,9.53941296475548,0,0,False,False
1.9470958690000018,543.7239379882812,746.7676391601562,3.2746798992156982,,,False,DEFENCE,False,9.53996223393155,0,0,False,False
1.9485049990000007,543.717529296875,746.7499389648438,3.2984116077423096,,,False,DEFENCE,False,9.54091589279088,0,0,False,False
1.9499074990000054,543.72265625,746.7492065429688,3.309659242630005,,,False,DEFENCE,False,9.541007347930035,0,0,False,False
1.952315499000001,543.7132568359375,746.74658203125,3.3174126148223877,,,False,DEFENCE,False,9.54106727961466,0,0,False,False
1.956036314000002,543.6968994140625,746.7589721679688,3.328806161880493,,,False,DEFENCE,False,9.540198757211865,0,0,False,False
1.9578223880000039,543.710205078125,746.7418823242188,3.3537776470184326,,,False,DEFENCE,False,9.54130746881519,0,0,False,False
1.9592391290000037,543.70947265625,746.7327270507812,3.3746373653411865,,,False,DEFENCE,False,9.541825630208187,0,0,False,False
1.9606387950000013,543.7166748046875,746.7284545898438,3.387274742126465,,,False,DEFENCE,False,9.542140188347153,0,0,False,False
1.9620477030000032,543.7197265625,746.73388671875,3.397263526916504,,,False,DEFENCE,False,9.541857983056081,0,0,False,False
1.9634888690000025,543.713623046875,746.7200927734375,3.415009021759033,,,False,DEFENCE,False,9.54259046284494,0,0,False,False
1.964896055000004,543.7036743164062,746.721923828125,3.4267475605010986,,,False,DEFENCE,False,9.542389474476831,0,0,False,False
1.9678503140000032,543.6986694335938,746.7237548828125,3.4411144256591797,,,False,DEFENCE,False,9.542236165855483,0,0,False,False
1.9837585550000014,540.376220703125,745.4692993164062,2.3017947673797607,,,False,DEFENCE,False,9.58202040505761,0,0,False,False
1.9872160360000066,540.3599243164062,745.4564208984375,2.4800338745117188,,,False,DEFENCE,False,9.582599260148108,0,0,False,False
1.988666110000004,540.367431640625,745.4722290039062,2.5183403491973877,,,False,DEFENCE,False,9.581768142587666,0,0,False,False
1.9900673320000024,540.3739624023438,745.4801025390625,2.5353095531463623,,,False,DEFENCE,False,9.581381116794615,0,0,False,False
1.991485369000003,540.3838500976562,745.49560546875,2.5496933460235596,,,False,DEFENCE,False,9.5805903811342,0,0,False,False
1.9928802400000052,540.355712890625,745.49169921875,2.5632097721099854,,,False,DEFENCE,False,9.580542197076896,0,0,False,False
1.9942982580000006,540.3529052734375,745.5108642578125,2.5840084552764893,,,False,DEFENCE,False,9.579419675481548,0,0,False,False
1.9964567030000069,540.3460693359375,745.5090942382812,2.5951988697052,,,False,DEFENCE,False,9.579454903681937,0,0,False,False
1.9997090550000038,540.3648681640625,745.4852294921875,2.615222215652466,,,False,DEFENCE,False,9.581000323314912,0,0,False,False
2.001148888000003,540.4000244140625,745.47509765625,2.6503725051879883,,,False,DEFENCE,False,9.581918664334161,0,0,False,False
2.002584129000006,540.413818359375,745.4889526367188,2.663076162338257,,,False,DEFENCE,False,9.581259804450612,0,0,False,False
2.0040227400000035,540.4290771484375,745.48583984375,2.680264949798584,,,False,DEFENCE,False,9.58158496972373,0,0,False,False
2.0054399060000065,540.4252319335938,745.5028076171875,2.6977317333221436,,,False,DEFENCE,False,9.580577956764916,0,0,False,False
2.007787462000003,540.4246826171875,745.4948120117188,2.7128026485443115,,,False,DEFENCE,False,9.581029700886495,0,0,False,False
2.0092968880000015,540.417236328125,745.5160522460938,2.736449718475342,,,False,DEFENCE,False,9.5797437278209,0,0,False,False
2.012099314000004,540.4254150390625,745.5114135742188,2.756394386291504,,,False,DEFENCE,False,9.580087788746644,0,0,False,False
2.013551962000001,540.42822265625,745.5269775390625,2.781575918197632,,,False,DEFENCE,False,9.579225201096149,0,0,False,False
2.0149829800000063,540.4240112304688,745.5294189453125,2.7926156520843506,,,False,DEFENCE,False,9.579045016819316,0,0,False,False
2.0163997580000057,540.4249877929688,745.522705078125,2.8031058311462402,,,False,DEFENCE,False,9.579438218650722,0,0,False,False
2.0178448320000015,540.4176025390625,745.5206298828125,2.8143513202667236,,,False,DEFENCE,False,9.579485594421982,0,0,False,False
2.0193076290000036,540.41455078125,745.5233154296875,2.830651044845581,,,False,DEFENCE,False,9.579302643010843,0,0,False,False
2.020741758000007,540.4080810546875,745.5177001953125,2.843580484390259,,,False,DEFENCE,False,9.579561204928988,0,0,False,False
2.022171443000005,540.3946533203125,745.5166625976562,2.854160785675049,,,False,DEFENCE,False,9.57949097704783,0,0,False,False
2.024748555000002,540.4092407226562,745.5054931640625,2.86995530128479,,,False,DEFENCE,False,9.580270162225624,0,0,False,False
2.0270677950000007,540.4086303710938,745.5179443359375,2.8961024284362793,,,False,DEFENCE,False,9.579552548850863,0,0,False,False
2.0284704620000014,540.3992919921875,745.5134887695312,2.919466972351074,,,False,DEFENCE,False,9.579717144880647,0,0,False,False
2.029962147000006,540.391845703125,745.5145874023438,2.9331791400909424,,,False,DEFENCE,False,9.579582511219797,0,0,False,False
2.0314681470000053,540.397216796875,745.5249633789062,2.948481321334839,,,False,DEFENCE,False,9.579041227425291,0,0,False,False
2.032927499000003,540.3829345703125,745.5365600585938,2.9643054008483887,,,False,DEFENCE,False,9.578240586704887,0,0,False,False
2.0349150920000056,540.3853149414062,745.524169921875,2.9741549491882324,,,False,DEFENCE,False,9.578971771305188,0,0,False,False
2.036685592000005,540.3801879882812,745.5255126953125,2.98876953125,,,False,DEFENCE,False,9.578845562315319,0,0,False,False
2.038080647000001,540.3822631835938,745.5208740234375,3.0049495697021484,,,False,DEFENCE,False,9.579130726683113,0,0,False,False
2.039497221000005,540.38037109375,745.5191650390625,3.014289379119873,,,False,DEFENCE,False,9.579210160037643,0,0,False,False
2.040980721000004,540.3687133789062,745.5126342773438,3.0278100967407227,,,False,DEFENCE,False,9.579470997544187,0,0,False,False
2.0426723140000007,540.34716796875,745.5086059570312,3.0447258949279785,,,False,DEFENCE,False,9.579493410664808,0,0,False,False
2.1034541470000008,538.4318237304688,748.6127319335938,1.056966781616211,951.3805791448005,1374.150433337887,False,DEFENCE,False,56.5691999588426,600,0,False,False
2.1281032950000025,538.2012939453125,748.8642578125,1.3707284927368164,951.1500493596443,1374.4019592167933,False,DEFENCE,False,56.5691999588426,600,0,False,False
2.1528443690000003,538.2103881835938,748.8651123046875,1.5867550373077393,951.1591435979255,1374.4028137089808,False,DEFENCE,False,56.5691999588426,600,0,False,False
2.1859847770000016,538.6911010742188,746.5675048828125,0.4793884754180908,935.2994604061921,1358.814066424587,False,DEFENCE,False,57.065160821336576,600,0,False,False
2.201169443000005,538.658935546875,746.5559692382812,1.593146562576294,928.0241884162996,1351.663080171925,False,DEFENCE,False,57.24013676701211,600,0,False,False
2.2040100910000007,538.6719360351562,746.5923461914062,2.1064631938934326,926.6596196446034,1350.32182275354,False,DEFENCE,False,57.27310955241376,600,0,False,False
2.226341480000002,538.6796264648438,746.5599975585938,2.206040382385254,904.2530554926725,1333.2840811797694,False,DEFENCE,False,58.073975674670464,600,0,False,False
2.2306257400000007,538.6494140625,746.5606689453125,2.9676969051361084,900.989658618007,1330.6005345891008,False,DEFENCE,False,58.1844000173289,600,0,False,False
2.233977351,538.6690673828125,746.54736328125,2.89816951751709,898.3895627242639,1328.462431643292,False,DEFENCE,False,58.27702533548538,600,0,False,False
2.257320980000003,538.6419677734375,746.5529174804688,2.651632785797119,880.4635881746843,1313.7215987827872,False,DEFENCE,False,58.92344095340531,600,0,False,False
2.283314758000003,539.0751342773438,744.9832763671875,0.07676059007644653,860.4902075050845,1297.29714914991,False,DEFENCE,False,59.80304362556833,600,0,False,False
2.287477369000001,539.0438842773438,744.9580688476562,0.20545180141925812,857.2907233974929,1294.666159111438,False,DEFENCE,False,59.93182413807757,600,0,False,False
2.310621740000002,539.0468139648438,744.9575805664062,0.22697095572948456,839.5107043646983,1280.0453479474968,False,DEFENCE,False,60.68480365765632,600,0,False,False
2.3133212950000015,546.2586669921875,756.9927978515625,0.34489232301712036,851.4785533103052,1276.89023696808,False,DEFENCE,False,59.58378018945645,600,0,False,False
2.3386715730000063,546.2785034179688,756.9927978515625,0.35222870111465454,840.7934594784401,1252.3787273381945,False,DEFENCE,False,59.26783123884387,600,0,False,False
2.341906054000006,546.340087890625,757.014404296875,0.04630101099610329,839.4487931705252,1249.2940748611945,False,DEFENCE,False,59.22996826466401,600,0,False,False
2.3539779800000034,546.3394165039062,757.0195922851562,0.007888889871537685,834.3417939353238,1237.5786643179438,False,DEFENCE,False,59.06545132845403,600,0,False,False
2.3904860360000058,550.7393188476562,758.8375854492188,-0.23297391831874847,818.9782860541445,1203.3287815268843,False,DEFENCE,False,58.890102507580686,600,0,False,False
2.3937907580000015,550.7598876953125,758.8067016601562,-0.6045814156532288,823.8870306237396,1214.339992147776,False,DEFENCE,False,59.054080491101516,600,0,False,False
2.4083167210000056,550.7830200195312,758.7806396484375,-0.638791024684906,845.498482322277,1262.8184255031808,False,DEFENCE,False,59.68478666190043,600,0,False,False
2.4211632210000005,550.7525024414062,758.8355102539062,-0.7854099273681641,829.8359989118355,1219.3426381783863,False,DEFENCE,False,58.78266485808609,600,0,False,False
2.4458736840000057,550.7131958007812,758.8373413085938,-0.9018989205360413,817.9988211739417,1209.4821120598194,False,DEFENCE,False,59.3270480091763,600,0,False,False
2.4488345730000063,550.7869262695312,758.8634643554688,-0.9405564069747925,829.8704227399605,1219.3705922799488,False,DEFENCE,False,58.78266485808609,600,0,False,False
2.4644126100000037,550.7889404296875,758.8530883789062,-0.947923481464386,829.8724369001168,1219.3602163033863,False,DEFENCE,False,58.78266485808609,600,0,False,False
2.486766258000003,558.2706298828125,765.4793090820312,-0.3008628487586975,848.5724247755461,1242.5074646658443,False,DEFENCE,False,58.6768435443242,600,0,False,False
2.5125347760000025,558.2304077148438,765.5546264648438,-0.37479153275489807,826.4693528855541,1210.0458124124427,False,DEFENCE,False,58.890104012107436,600,0,False,False
2.5156482950000054,558.21826171875,765.4573974609375,-0.37103939056396484,823.8010794805108,1206.1270556069358,False,DEFENCE,False,58.92346787336227,600,0,False,False
2.538063184000002,558.2398071289062,765.4290771484375,-0.34876585006713867,821.6769997346851,1199.1257544303169,False,DEFENCE,False,58.724555825494555,600,0,False,False
2.541162406000005,558.2333984375,765.4630737304688,-0.34154626727104187,810.4403930581952,1189.8133919833072,False,DEFENCE,False,59.27542759656257,500,0,False,False
2.543509684,558.212646484375,765.4611206054688,-0.3372814953327179,801.5332837796406,1182.431605617983,False,DEFENCE,False,59.7345565439542,500,0,False,False
2.5561926100000036,558.1969604492188,765.4630126953125,-0.33006173372268677,754.9927119959119,1143.8610045976627,False,DEFENCE,False,62.522136365629486,500,0,False,False
2.5918619250000035,762.1572265625,862.0842895507812,-7.1364312171936035,622.7553799557428,1034.2690254141114,False,DEFENCE,False,208.99384910166677,500,0,False,False
2.6106591280000018,762.8942260742188,863.2276611328125,-7.394794464111328,975.5592151370105,1212.3450597367078,False,DEFENCE,False,58.65230137966648,500,0,False,False
2.6250945540000004,763.1204223632812,863.5270385742188,-7.555927753448486,968.3986266352825,1195.8965635110148,False,DEFENCE,False,138.2996753253219,500,0,False,False
2.638639313000006,763.3074340820312,863.7706298828125,-7.688549041748047,961.655451394191,1180.4069019454166,False,DEFENCE,False,137.93605399677764,500,0,False,False
2.652081962000004,763.5484008789062,864.540771484375,-7.88286018371582,965.2758653598844,1188.8904510723064,False,DEFENCE,False,138.12068520114843,500,0,False,False
2.6884240910000017,613.779541015625,869.537353515625,-1.5432238578796387,817.4604030241828,1185.3326642734883,False,DEFENCE,False,137.1788953668813,500,0,False,False
2.7015894800000027,613.8447265625,869.5194702148438,-2.3882622718811035,814.0966319693841,1177.7938444193044,False,DEFENCE,False,136.99265553695125,500,0,False,False
2.717593184000002,613.8526611328125,869.5093383789062,-2.6850640773773193,811.8239670785606,1166.6429094534521,False,DEFENCE,False,136.32565342536827,500,0,False,False
2.7415071100000006,613.87109375,869.512451171875,-3.1318211555480957,814.0388742585826,1159.2730774490005,False,DEFENCE,False,135.36313095951715,500,0,False,False
2.7455996650000003,613.9022216796875,869.5562744140625,-3.8308186531066895,816.401580189119,1152.348684159583,False,DEFENCE,False,134.39465865697042,500,0,False,False
2.7685869240000045,613.912841796875,869.5476684570312,-4.224421977996826,821.1867618738837,1127.7057597814496,False,DEFENCE,False,131.23918274736468,500,0,False,False
2.786657665,612.822998046875,876.2643432617188,-2.5599050521850586,838.8970330159918,1135.8817259660614,False,DEFENCE,False,128.95074995849436,500,0,False,False
2.799126980000004,612.8124389648438,876.2371826171875,-2.632317304611206,851.1223657744355,1141.525564302958,False,DEFENCE,False,128.0664825587511,500,0,False,False
2.813781795000004,612.8153686523438,876.2116088867188,-2.675271511077881,842.3232644115051,1130.794085333589,False,DEFENCE,False,127.96511757271517,500,0,False,False
2.8271876470000024,612.7820434570312,876.1898803710938,-2.8337745666503906,854.5832867179862,1135.1346632213124,False,DEFENCE,False,126.96081229936388,500,0,False,False
2.8403104800000065,612.7532958984375,876.2093505859375,-2.9745230674743652,851.7228257103494,1119.3408105848118,False,DEFENCE,False,125.49461651338328,500,0,False,False
2.864284387000005,612.69384765625,876.2144165039062,-3.1231396198272705,853.7160005519015,1117.2365693995578,False,DEFENCE,False,125.0,500,0,False,False
2.891936498000007,614.4456787109375,878.6114501953125,-1.5274949073791504,880.0451136518723,1108.0419449139615,False,DEFENCE,False,120.82115817676961,500,0,False,False
2.8952140730000053,612.7086791992188,880.9498901367188,-1.513693928718567,883.1371810838326,1106.9621364596064,False,DEFENCE,False,119.8873937740764,500,0,False,False
2.919818665000001,611.8882446289062,882.2600708007812,-1.5052486658096313,889.2991914053846,1111.9298954124888,False,DEFENCE,False,119.6215168015035,500,0,False,False
2.933408387,605.8367919921875,892.662353515625,-1.4773951768875122,899.1334398996471,1121.4425305597429,False,DEFENCE,False,117.95529866757998,500,0,False,False
2.9467698690000006,603.0281372070312,897.6155395507812,-1.4947550296783447,941.2486116428795,1130.1692455794114,False,DEFENCE,False,34.51164369144294,500,0,False,False
2.952300072,600.5133056640625,902.2268676757812,-1.5264323949813843,959.0535349939141,1133.8586165495415,False,DEFENCE,False,32.86412430046291,500,0,False,False
2.989594461000003,633.1945190429688,1030.6688232421875,2.0829355716705322,945.5544550091984,1229.916047302073,False,DEFENCE,False,112.53286732195983,500,0,False,False
3.0055912580000026,634.0130004882812,1038.2432861328125,2.1144464015960693,941.8879075479492,1218.947160040249,False,DEFENCE,False,110.41034618746784,500,0,False,False
3.0306323690000028,633.9597778320312,1038.237060546875,2.134220838546753,941.7436417140144,1205.7677075356726,False,DEFENCE,False,108.56001124891901,500,0,False,False
3.0431204980000004,633.9138793945312,1038.21533203125,2.2188029289245605,941.6718154770349,1199.2059981341104,False,DEFENCE,False,107.61442990586309,500,0,False,False
3.0722219240000044,633.9259643554688,1038.1539306640625,2.291363477706909,914.4867439257525,1176.3239531593213,False,DEFENCE,False,106.2192335701561,500,0,False,False
3.099153369000007,624.8356323242188,1054.695068359375,1.8718409538269043,878.5957131549623,1173.3193343564474,False,DEFENCE,False,105.05450053928547,500,0,False,False
3.1138977020000027,624.8318481445312,1054.7989501953125,2.157339572906494,859.6359954417286,1160.1369422541707,False,DEFENCE,False,104.16198979891641,500,0,False,False
3.127217998000006,624.8512573242188,1054.784423828125,2.28725004196167,861.6400681058565,1156.836589683715,False,DEFENCE,False,103.3152643969728,500,0,False,False
3.139118758000002,624.87890625,1054.745849609375,2.4803740978240967,855.8606198477532,1142.6493458650932,False,DEFENCE,False,100.83506020814464,500,0,False,False
3.142069202000002,624.8491821289062,1054.864013671875,2.499441385269165,854.423739807443,1139.122128982165,False,DEFENCE,False,100.15407216783635,500,0,False,False
3.1447783130000033,624.8345336914062,1054.9154052734375,2.526402235031128,853.155292046232,1136.0083754098832,False,DEFENCE,False,99.5535758285626,500,0,False,False
3.167004480000003,624.8177490234375,1054.9891357421875,2.547306537628174,858.5963049681607,1141.648979556397,False,DEFENCE,False,100.33934095328812,500,0,False,False
3.1955677950000023,620.0509033203125,1058.0120849609375,2.5007224082946777,850.3881209378079,1133.5130860234663,False,DEFENCE,False,98.14834889374,500,0,False,False
3.222965665000004,617.98046875,1070.2171630859375,2.5442564487457275,857.3567833875918,1143.6812960576947,False,DEFENCE,False,97.0611497968745,500,0,False,False
3.246392646000004,616.3040771484375,1083.2117919921875,2.2860918045043945,859.1096977366044,1144.9644886166313,False,DEFENCE,False,94.26948907993263,500,0,False,False
3.2544166090000033,614.867919921875,1094.61328125,2.060559034347534,863.987272241186,1152.0190266432633,False,DEFENCE,False,92.97641786106917,500,0,False,False
3.2685542950000013,614.3760375976562,1098.42041015625,1.9899786710739136,877.2810747924591,1143.4524028149133,False,DEFENCE,False,9.719651395191516,1000,0,False,False
3.2719550170000034,613.48583984375,1105.250244140625,1.8534932136535645,880.4822235229727,1141.3895591035566,False,DEFENCE,False,7.708426867906321,1000,0,False,False
3.273526146000002,613.3892211914062,1106.354736328125,1.846427083015442,881.960159678705,1140.4371662092253,False,DEFENCE,False,7.232341645859775,1000,0,False,False
3.275426665000005,613.3880615234375,1107.0753173828125,1.843279480934143,883.7226075124751,1139.301431903652,False,DEFENCE,False,6.798050599907931,1000,0,False,False
3.2978598870000013,602.7001953125,1110.2047119140625,1.9604014158248901,883.817370440732,1144.403195682993,False,DEFENCE,False,6.9360675277461175,1000,0,False,False
3.3230636460000014,605.4801025390625,1118.3011474609375,1.8782602548599243,896.8011104962325,1144.0015862081452,False,DEFENCE,False,5.0416009527418595,1000,0,False,False
3.3592458500000006,613.6213989257812,1123.4393310546875,1.8415119647979736,931.2673934007323,1138.9154465328816,False,DEFENCE,False,2.789317339197947,1000,0,False,False
3.3740482760000035,618.7088623046875,1125.681884765625,1.7452346086502075,943.1537977757355,1129.362937551189,False,DEFENCE,False,0.6500324606473528,1000,0,False,False
3.408496850000006,614.29345703125,1130.747314453125,2.458219289779663,909.3426140485022,1132.3103499660547,False,DEFENCE,False,0.3035240001370288,1000,0,False,False
3.4231300170000054,614.2142944335938,1130.7974853515625,2.791393756866455,896.5575836018515,1132.3124071110512,False,DEFENCE,False,0.30741934910134167,1000,0,False,False
3.4379725910000047,614.2200317382812,1130.825927734375,3.105076789855957,858.851069081394,1130.5547881605653,False,DEFENCE,False,-0.0635043984832747,1000,0,False,False
3.4625531090000052,614.2321166992188,1130.7872314453125,3.4125683307647705,845.9558406744827,1128.8991035184129,False,DEFENCE,False,-0.4668463179498433,1000,0,False,False
3.4883588310000064,611.404296875,1133.986572265625,2.6903514862060547,838.4210312879891,1130.2885478564765,False,DEFENCE,False,-0.9332459724477851,1000,0,False,False
3.4916060720000033,611.439453125,1133.9056396484375,3.144171714782715,838.4480338602177,1129.737023493116,False,DEFENCE,False,-1.0520186944715182,1000,0,False,False
3.4936093680000013,611.4343872070312,1133.897216796875,3.1979782581329346,838.4647656979008,1129.3952776754259,False,DEFENCE,False,-1.136007929756865,1000,0,False,False
3.5220374800000016,611.4220581054688,1133.88623046875,3.435612440109253,838.4327274034606,1137.9395146860304,False,DEFENCE,False,1.022909650525941,1000,0,False,False
3.5461590540000003,611.4234619140625,1133.9617919921875,4.334841728210449,837.7305582583888,1152.2749356946795,False,DEFENCE,False,4.6263882581317,1000,0,False,False
3.5849356280000038,612.3910522460938,1138.9002685546875,3.2734949588775635,838.7131216792097,1157.027429821143,False,DEFENCE,False,4.579303320374968,1000,0,False,False
3.6113271280000063,612.4090576171875,1138.9091796875,3.931623697280884,837.8124034736801,1166.178297105683,False,DEFENCE,False,6.898074827770503,1000,0,False,False
3.6246166280000054,612.3638305664062,1138.8251953125,4.395696640014648,837.3555632981249,1170.8195753557359,False,DEFENCE,False,8.093339177693363,1000,0,False,False
3.639463424000006,612.3945922851562,1138.8282470703125,4.3188629150390625,836.8505616955662,1175.9501507289485,False,DEFENCE,False,9.390920908339234,1000,0,False,False
3.6439136460000014,612.4031982421875,1138.8319091796875,4.2337775230407715,836.6955788108033,1177.5247029042384,False,DEFENCE,False,9.787788630885093,1000,0,False,False
3.667082757000003,612.397216796875,1138.840087890625,4.149231910705566,835.9027098983654,1185.5798728199954,False,DEFENCE,False,91.81155758091373,500,0,False,False
3.6951489790000025,615.1029052734375,1139.39794921875,2.138935089111328,834.9464233255004,1195.2952882080185,False,DEFENCE,False,94.26571648782758,500,0,False,False
3.709583591000005,615.0352172851562,1139.407470703125,2.078223943710327,764.9365545680572,1144.847055319432,True,DEFENCE,True,-17.921776056289687,1000,0,False,False
3.722547554000002,614.9658203125,1139.418701171875,2.0459673404693604,764.8701962382935,1144.7738928863141,True,DEFENCE,True,-17.954032659530675,1000,0,False,False
3.7257104610000056,614.9513549804688,1139.446533203125,2.027289628982544,764.8574686671125,1144.7528576718187,True,DEFENCE,True,-17.972710371017467,1000,0,False,False
3.749644831000005,614.944580078125,1139.4315185546875,2.0347282886505127,764.8500035860454,1144.7573051549011,True,DEFENCE,True,-17.96527171134953,1000,0,False,False
3.753904998000003,614.9718627929688,1139.4166259765625,2.0489981174468994,764.8759552352637,1144.7797471808483,True,DEFENCE,True,-17.951001882553136,1000,0,False,False
3.789674868000006,764.5255737304688,1229.326416015625,-11.888055801391602,911.3083662780369,1198.426386696261,True,DEFENCE,True,-91.88805580139163,500,0,True,False
3.7932487570000006,778.5725708007812,1224.0703125,-11.901021957397461,925.3483668478954,1193.1370667159579,True,DEFENCE,True,-91.90102195739743,500,0,True,False
3.822969646000004,779.353759765625,1223.7127685546875,-11.916581153869629,926.1211501931881,1192.7396655928715,True,DEFENCE,True,-91.91658115386961,500,0,True,False
3.8464315350000007,789.7791748046875,1214.615478515625,-12.0921630859375,936.4509596890776,1183.1927555459781,True,DEFENCE,True,-92.09216308593749,500,0,True,False
3.851139479000004,794.6502685546875,1211.346923828125,-11.683548927307129,941.5424179002321,1180.971004736742,True,DEFENCE,True,-91.68354892730713,500,0,True,False
3.8900377570000018,794.9194946289062,1207.3724365234375,-9.80407428741455,942.7288634949899,1181.830500899644,True,DEFENCE,True,-29.80407428741455,1000,0,True,False
3.8944887390000034,799.8034057617188,1199.9403076171875,-10.624263763427734,947.2320098853639,1172.2851691045437,True,DEFENCE,True,-90.62426376342776,500,0,True,False
3.897839776000005,799.8319091796875,1199.9117431640625,-10.719334602355957,947.2144222206294,1172.0120146754807,True,DEFENCE,True,-90.71933460235593,500,0,True,False
3.932611257000005,800.24951171875,1199.18701171875,-11.004193305969238,947.4914941309883,1170.5548861372615,True,DEFENCE,True,-91.00419330596927,500,0,True,False
3.9357855530000023,801.1150512695312,1197.4227294921875,-11.782523155212402,947.9545093210419,1166.7931105076382,True,DEFENCE,True,-91.78252315521242,500,0,True,False
3.9585817570000046,801.12451171875,1197.419921875,-12.198553085327148,947.7376963161502,1165.7249048816514,True,DEFENCE,True,-92.19855308532718,500,0,True,False
3.987501905000002,937.614013671875,1107.3092041015625,-7.167968273162842,1086.4417059149923,1088.5924196130882,True,DEFENCE,True,-27.16796827316285,1000,0,True,False
4.000290109000005,937.604736328125,1107.3607177734375,-7.711696147918701,1086.2481104717479,1087.232446034439,True,DEFENCE,True,-27.71169614791868,1000,0,True,False
4.014677776000006,937.6361083984375,1107.364501953125,-7.951160430908203,1086.1940596507845,1086.615161729752,True,DEFENCE,True,-27.951160430908207,1000,0,True,False
4.0190445530000005,937.6636962890625,1107.3067626953125,-8.18984603881836,1086.133920099888,1085.9387342049868,True,DEFENCE,True,-28.189846038818324,1000,0,True,False
4.042788776000002,937.6951904296875,1107.29248046875,-8.425302505493164,1086.0763491013552,1085.314497138758,True,DEFENCE,True,-28.425302505493164,1000,0,True,False
4.056039368,937.679443359375,1107.3018798828125,-8.646891593933105,1085.9744936045963,1084.7502042739518,True,DEFENCE,True,-28.6468915939331,1000,0,True,False
4.070034109000005,937.7117309570312,1107.2872314453125,-9.050851821899414,1085.8440976154127,1083.6905802382694,True,DEFENCE,True,-29.050851821899435,1000,0,True,False
4.0984860350000005,938.7579956054688,1106.3231201171875,-6.9452595710754395,1087.6573155087517,1088.1849688238553,True,DEFENCE,True,-26.945259571075404,1000,0,True,False
4.111015701000007,938.7167358398438,1106.3515625,-7.382286548614502,1087.4733758178095,1087.0782114040994,True,DEFENCE,True,-27.382286548614474,1000,0,True,False
4.126942905,950.2582397460938,1100.6925048828125,-7.585209846496582,1098.945686867773,1080.8924273971597,True,DEFENCE,True,-27.58520984649662,1000,0,True,False
4.142507905000002,950.7762451171875,1100.418212890625,-8.371840476989746,1099.177846593347,1078.5786918493773,True,DEFENCE,True,-28.371840476989778,1000,0,True,False
4.155449313000005,951.4505615234375,1100.088623046875,-9.155266761779785,1099.5396800544256,1076.222057045145,True,DEFENCE,True,-29.155266761779778,1000,0,True,False
4.169193238000005,952.4761352539062,1099.5224609375,-9.824234962463379,1100.276507524894,1073.928517189858,True,DEFENCE,True,-29.824234962463386,1000,0,True,False
4.193217127000004,963.140380859375,1093.5487060546875,-10.500025749206543,1110.628604709226,1066.213310948411,True,DEFENCE,True,-90.50002574920653,500,0,True,False
4.196431016000005,981.6734619140625,1082.72216796875,-10.999069213867188,1128.918004373692,1054.1032106877026,True,DEFENCE,True,-90.99906921386719,500,0,True,False
4.233135831000006,990.8192138671875,1076.8187255859375,-11.269272804260254,1137.92715411127,1047.5056923559312,True,DEFENCE,True,-91.26927280426025,500,0,True,False
4.246660479000006,1002.5779418945312,1068.189697265625,-11.495097160339355,1149.5692060574013,1038.2970851381885,True,DEFENCE,True,-91.49509716033931,500,0,True,False
4.260584794000003,1008.3071899414062,1063.3441162109375,-11.610047340393066,1155.2381859934962,1033.1566618773788,True,DEFENCE,True,-91.61004734039307,500,0,True,False
4.276675257000001,1008.3193969726562,1063.3349609375,-11.72530746459961,1155.1893686089147,1032.8519914042574,True,DEFENCE,True,-91.72530746459961,500,0,True,False
4.298390035000004,1011.0817260742188,1058.6441650390625,-11.864433288574219,1157.8772459385348,1027.804655513696,True,DEFENCE,True,-91.8644332885742,500,0,True,False
4.312642220000001,1012.0330810546875,1052.0711669921875,-12.58385181427002,1158.4298117226144,1019.3909397937352,True,DEFENCE,True,-92.58385181427,500,0,True,False
4.329585572000006,1011.9169311523438,1046.0599365234375,-13.041997909545898,1158.0476681790992,1012.2101551944943,True,DEFENCE,True,-93.0419979095459,500,0,True,False
4.342760072000004,1011.4508666992188,1039.228759765625,-13.596041679382324,1157.2474531826697,1003.9675151793433,True,DEFENCE,True,-93.59604167938232,500,0,True,False
4.347291035000005,1011.0868530273438,1032.439697265625,-14.07776927947998,1156.5818227360535,995.9538946917249,True,DEFENCE,True,-94.07776927948,500,0,True,False
4.359691516000005,1010.9862060546875,1030.9071044921875,-14.191368103027344,1156.4085504071538,994.1329047995671,True,DEFENCE,True,-94.19136810302732,500,0,True,False
4.372223127000005,1010.7177734375,1025.3846435546875,-14.588671684265137,1155.881621909759,987.6029403542883,True,DEFENCE,True,-94.58867168426515,500,0,True,False
4.378028886000003,1010.2174682617188,1020.0953979492188,-15.026601791381836,1155.0883015699176,981.2052750825053,True,DEFENCE,True,-95.02660179138182,500,0,False,False
4.402347090000006,1010.0176391601562,1017.8396606445312,-15.067106246948242,1154.8609434381897,978.8471330806371,True,DEFENCE,True,-95.06710624694821,500,0,False,False
4.431344220000007,1009.1087646484375,1008.1812744140625,-15.239585876464844,1153.8340321445974,968.7528969662777,True,DEFENCE,True,-95.23958587646484,500,0,False,False
4.4436782200000025,1007.9716186523438,998.3646240234375,-16.7443904876709,1151.611554439647,955.1492465864724,True,DEFENCE,True,-96.74439048767088,500,0,False,False
4.456273294000006,1007.5115356445312,994.921875,-17.381704330444336,1150.6619010654738,950.1114646040814,True,DEFENCE,True,-97.38170433044435,500,0,False,False
4.485319775000001,1007.1209716796875,991.4463500976562,-18.06255340576172,1149.7287581204332,944.9380793657672,True,DEFENCE,True,-98.06255340576172,500,0,False,False
4.4978527200000045,1006.046875,985.3479614257812,-19.338714599609375,1147.583486272892,935.6751552901679,True,DEFENCE,True,-99.33871459960936,500,0,False,False
4.514176794000001,1005.8496704101562,983.9459838867188,-19.917625427246094,1146.8771765661293,932.8456658111238,True,DEFENCE,True,-99.91762542724612,500,0,False,False
4.529676942000002,1005.5143432617188,981.8385009765625,-20.767536163330078,1145.768352796376,928.6519161129683,True,DEFENCE,True,-100.76753616333008,500,0,False,False
4.542880905000004,1005.5524291992188,981.86474609375,-22.1341495513916,1144.498063449456,925.3482819191457,True,DEFENCE,True,-102.1341495513916,500,0,False,False
4.565845942000003,1005.5407104492188,981.8255615234375,-22.31308364868164,1144.3091671103239,924.8754479511626,True,DEFENCE,True,-102.31308364868163,500,0,False,False
4.585327757000002,1005.452880859375,981.5835571289062,-23.5361328125,1142.9741448055265,921.6844589499445,True,DEFENCE,True,-103.53613281250003,500,0,False,False
4.597936646000001,1005.4829711914062,981.6085815429688,-24.631113052368164,1141.8344597973837,919.0924111953378,True,DEFENCE,True,-104.63111305236814,500,0,False,False
4.611364164000001,1005.4948120117188,981.5762939453125,-25.33498764038086,1141.0680242975664,917.3898147577413,True,DEFENCE,True,-105.33498764038085,500,0,False,False
4.635348942,1005.5234985351562,981.5274658203125,-26.082233428955078,1140.248091214112,915.5783632677421,True,DEFENCE,True,-106.08223342895508,500,0,False,False
4.638565942000007,1005.5183715820312,981.3598022460938,-27.901172637939453,1138.0817795422518,911.1676169975054,True,DEFENCE,True,-107.90117263793945,500,0,False,False
4.664673108000002,1005.4815673828125,981.3245239257812,-28.957706451416016,1136.7281678886761,908.6999423045821,True,DEFENCE,True,-108.95770645141602,500,0,False,False
4.687623720000005,1003.0235595703125,974.0833740234375,-30.012714385986328,1132.9107238473434,899.0545491887676,True,DEFENCE,True,-110.01271438598633,500,0,False,False
4.689346183000005,1003.0845336914062,974.0179443359375,-31.643840789794922,548.313865374099,353.8644544816958,False,DEFENCE,True,-126.2533235949833,600,0,False,False
4.692514479000003,1003.0718994140625,974.0048828125,-31.760875701904297,547.3220747802538,354.49130524800165,False,DEFENCE,True,-126.34033839552795,600,0,False,False
4.716275775000007,1003.0808715820312,973.9945678710938,-31.982385635375977,539.7661814782786,359.2669277794725,False,DEFENCE,True,-127.00500442997605,600,0,False,False
4.743125312000004,1003.0652465820312,973.93310546875,-33.7175407409668,531.216450777747,364.67069473854167,False,DEFENCE,True,-127.75631592226677,600,0,False,False
4.7460564790000035,1003.0667114257812,973.9639282226562,-35.786922454833984,530.2848514039212,365.25950228017064,False,DEFENCE,True,-127.8365537128792,600,0,False,False
4.771270312000006,1003.0596923828125,973.960205078125,-36.0175666809082,522.2725206513961,370.3236112798771,False,DEFENCE,True,-128.5367772729866,600,0,False,False
4.7858416270000035,1003.0787963867188,973.9254150390625,-37.93828582763672,517.6558389143958,373.2415361952654,False,DEFENCE,True,-128.94227269478796,600,0,False,False
4.798966516,1003.1055297851562,973.9224243164062,-40.04351043701172,513.4607231402765,375.89301479777225,False,DEFENCE,True,-129.30937376670786,600,0,False,False
4.8212030160000054,1003.1211547851562,973.9189453125,-40.341373443603516,506.3920451670977,380.3606980282381,False,DEFENCE,True,-129.92483932762713,600,0,False,False
4.825883960000006,994.097412109375,963.9356079101562,-42.24901580810547,504.91197793830963,381.2961588828857,False,DEFENCE,True,-130.0168975540356,600,0,False,False
4.851989719000002,994.112060546875,963.9172973632812,-42.69453048706055,496.60801541826015,386.5445906600881,False,DEFENCE,True,-130.75044948702788,600,0,False,False
4.865205664000001,994.135986328125,963.9786376953125,-45.344085693359375,492.39842039600023,389.20522071840514,False,DEFENCE,True,-131.1187175969819,600,0,False,False
4.882101294000002,994.1307983398438,963.9891967773438,-46.736778259277344,487.02957583150373,392.59854220210997,False,DEFENCE,True,-131.58860723043622,600,0,False,False
4.909972479000004,994.2106323242188,964.0044555664062,-49.58848571777344,478.1654710888813,398.20100595303654,False,DEFENCE,True,-132.3666073779975,600,0,False,False
4.9336413490000055,994.2688598632812,963.9376831054688,-52.45884704589844,470.6390669362606,402.95799017921854,False,DEFENCE,True,-133.02772670081794,600,0,False,False
4.936375682000005,994.2715454101562,963.9251098632812,-53.97688674926758,469.7730411207681,403.50535264610517,False,DEFENCE,True,-133.1036501284888,600,0,False,False
4.939339201000003,994.2825927734375,963.9312744140625,-54.25995635986328,468.8512967325877,404.0879314481775,False,DEFENCE,True,-133.18386553438668,600,0,False,False
4.951675442000003,994.2766723632812,963.9068603515625,-54.575809478759766,464.9112734715228,406.57818152292936,False,DEFENCE,True,-133.525965620535,600,0,False,False
4.975953960000005,994.2698364257812,963.9177856445312,-55.90425109863281,457.1861776467727,411.46074672124985,False,DEFENCE,True,-134.19161225199258,600,0,False,False
4.980222738000002,984.1253051757812,953.487548828125,-58.509002685546875,455.83157196600985,412.31691093000313,False,DEFENCE,True,-134.3101624876119,600,0,False,False
5.004914534000001,984.1658935546875,953.494140625,-60.04469680786133,447.9995874507972,417.26703399582277,False,DEFENCE,True,-134.99675155269884,600,0,False,False
5.029823793000006,984.1598510742188,953.4472045898438,-61.70009994506836,440.0626094346692,422.28351709461145,False,DEFENCE,True,-135.6891372241281,600,0,False,False
5.042514553000004,984.212158203125,953.46630859375,-65.0665283203125,436.02115562903765,424.83787527341565,False,DEFENCE,True,-136.04077743505582,600,0,False,False
5.059240997000003,984.171630859375,953.45849609375,-66.83003997802734,430.7105312874314,428.19439928035496,False,DEFENCE,True,-136.4973243040619,600,0,False,False
5.073115460000004,984.177001953125,953.4139404296875,-69.0445327758789,426.3035333219343,430.97979578333,False,DEFENCE,True,-136.878905369286,600,0,False,False
5.086202312000005,984.1771240234375,953.4093017578125,-72.79488372802734,422.1316904754548,433.6165649778069,False,DEFENCE,True,-137.23662969246377,600,0,False,False
5.110114997000004,984.1407470703125,953.417724609375,-73.31166076660156,414.5399401872463,438.4148505385877,False,DEFENCE,True,-137.8817833192404,600,0,False,False
5.114268349000007,984.1287841796875,953.3601684570312,-77.05950164794922,413.2101993933428,439.25529915830566,False,DEFENCE,True,-137.9973693354799,600,0,False,False
5.137584664000002,984.1558837890625,953.35888671875,-77.66834259033203,405.8127439375142,443.930782723058,False,DEFENCE,True,-138.62509172683548,600,0,False,False
5.140984645000003,973.2708740234375,944.7196044921875,-81.13719940185547,404.7101226589482,444.62768285268555,False,DEFENCE,True,-138.6659434087224,600,0,False,False
5.154695701000001,973.2601928710938,944.7359008789062,-81.59852600097656,400.35391577331626,447.3809773902532,False,DEFENCE,True,-139.03789728369858,600,0,False,False
5.168857238000001,973.2080688476562,944.7389526367188,-85.02163696289062,395.8548115958248,450.2245886513923,False,DEFENCE,True,-139.41929843431157,600,0,False,False
5.183759608000003,973.2323608398438,944.73779296875,-85.6782455444336,391.13442508680123,453.20805907226907,False,DEFENCE,True,-139.8218942230793,600,0,False,False
5.221748571000006,973.2264404296875,944.7332153320312,-89.59371948242188,379.03273013689125,460.8568075077013,False,DEFENCE,True,-140.8426549878175,600,0,False,False
5.225907793000005,973.2161865234375,944.7485961914062,-94.08170318603516,377.71345078928834,461.69064408081306,False,DEFENCE,True,-140.95184033296425,600,0,False,False
5.249961701000004,973.247314453125,944.7987670898438,-96.20926666259766,370.0692416544131,466.52208570138777,False,DEFENCE,True,-141.5881219839819,600,0,False,False
5.262585886000004,973.2245483398438,944.770263671875,-98.32485961914062,366.04818008830955,469.06355518064777,False,DEFENCE,True,-141.9222347807686,600,0,False,False
5.278172812000001,973.1964111328125,944.7700805664062,-100.2606430053711,361.09961275780205,472.1912448789518,False,DEFENCE,True,-142.3295071662678,600,0,False,False
5.280281571000003,973.2105102539062,944.7566528320312,-102.50418090820312,360.4231817046124,472.61877597944454,False,DEFENCE,True,-142.3866144246717,600,0,False,False
5.304894553000004,973.19970703125,944.7527465820312,-102.86119079589844,352.60840551048835,477.55802270773063,False,DEFENCE,True,-143.0267652758679,600,0,False,False
5.331116238,961.4620361328125,935.9590454101562,-106.48722839355469,344.28533947980304,482.8185286569967,False,DEFENCE,True,-143.71331846958378,600,0,False,False
5.334403016000003,961.4719848632812,935.8896484375,-110.64830780029297,343.21736226615997,483.4935323714136,False,DEFENCE,True,-143.8059063531652,600,0,False,False
5.346287275000002,961.4664306640625,935.916015625,-111.16442108154297,339.4345639299315,485.8844100935461,False,DEFENCE,True,-144.11477262044164,600,0,False,False
5.372834312000002,961.4473876953125,935.9823608398438,-113.06890869140625,330.9930864563365,491.2197567442545,False,DEFENCE,True,-144.79842122980105,600,0,False,False
5.386684960000004,961.4453735351562,936.0233154296875,-117.18414306640625,326.59018210026136,494.0025659246444,False,DEFENCE,True,-145.1522632150374,600,0,False,False
5.3992854600000015,961.4336547851562,935.9892578125,-119.27754211425781,322.582538476152,496.5355547354311,False,DEFENCE,True,-145.47664666402724,600,0,False,False
5.414265071000003,961.4503173828125,935.9869995117188,-121.232177734375,317.832587010192,499.53771137497785,False,DEFENCE,True,-145.85806610253186,600,0,False,False
5.416598941000004,961.4331665039062,936.025634765625,-123.76072692871094,317.09020336075946,500.006927117119,False,DEFENCE,True,-145.91428661182076,600,0,False,False
5.439413941000005,961.446044921875,936.0386352539062,-124.2900619506836,309.8248047125803,504.598945571812,False,DEFENCE,True,-146.4913798534176,600,0,False,False
5.443804238000006,961.4420776367188,935.9840698242188,-128.0657958984375,308.4288838996883,505.48122257332204,False,DEFENCE,True,-146.6048936742134,600,0,False,False
5.466673034000003,961.50146484375,936.0108642578125,-130.45379638671875,301.16151425438005,510.0744867759264,False,DEFENCE,True,-147.17693555863437,600,0,False,False
5.483730775000005,954.6485595703125,931.8816528320312,-132.65921020507812,295.7665160741321,513.484338376147,False,DEFENCE,True,-147.5840054387089,600,0,False,False
5.497717386000005,954.704345703125,931.9127197265625,-136.4775848388672,291.31805136134204,516.2959434986411,False,DEFENCE,True,-147.93252984252427,600,0,False,False
5.520954293000003,954.7003784179688,931.9630126953125,-138.41966247558594,283.89792943852876,520.9857531643737,False,DEFENCE,True,-148.50565163888203,600,0,False,False
5.524365793000001,954.6463623046875,931.9635009765625,-140.33099365234375,282.81357778719786,521.6711061691309,False,DEFENCE,True,-148.58733212755232,600,0,False,False
5.538914756000004,954.61669921875,931.9743041992188,-140.91648864746094,278.1981089715078,524.5882644704199,False,DEFENCE,True,-148.94074217682837,600,0,False,False
5.551755830000005,954.6005859375,931.993896484375,-143.294921875,,,False,DEFENCE,False,-2.2475238141973106,0,0,False,False
5.5641368490000005,954.600830078125,931.9996948242188,-145.3798370361328,,,False,DEFENCE,False,-2.248116708507011,0,0,False,False
5.577675978000002,954.5910034179688,931.9310913085938,-147.33059692382812,,,False,DEFENCE,False,-2.2410741174840836,0,0,False,False
5.590082923000004,954.5545043945312,931.8948974609375,-149.515869140625,,,False,DEFENCE,False,-2.2372337745099307,0,0,False,False
5.593618997,954.603515625,931.9522705078125,-151.52198791503906,,,False,DEFENCE,False,-2.2432861825301726,0,0,False,False
5.6402489040000034,954.2029418945312,931.684326171875,-153.8486785888672,,,False,DEFENCE,False,-2.2143513643050454,0,0,False,False
5.646135145000002,952.7171020507812,931.4002075195312,-159.48484802246094,,,False,DEFENCE,False,-2.1795968853198477,0,0,False,False
5.669237182000003,952.4006958007812,931.2236938476562,-161.86395263671875,,,False,DEFENCE,False,-2.1604216573531705,0,0,False,False
5.684072941000004,952.5419311523438,931.3465576171875,-163.97879028320312,,,False,DEFENCE,False,-2.1734614687918667,0,0,False,False
5.698826571000005,952.2974853515625,931.4434814453125,-166.48056030273438,,,False,DEFENCE,False,-2.1823729720449676,0,0,False,False
5.721026497000004,952.15283203125,931.5031127929688,-170.53225708007812,,,False,DEFENCE,False,-2.1878740683209403,0,0,False,False
5.724827312000002,951.9764404296875,931.5990600585938,-172.70291137695312,,,False,DEFENCE,False,-2.1969390226774554,0,0,False,False
5.750024812000007,951.9594116210938,931.6336059570312,-173.43392944335938,,,False,DEFENCE,False,-2.2003829065885268,0,0,False,False
5.752809756000005,952.3108520507812,931.7898559570312,-177.3347625732422,,,False,DEFENCE,False,-2.217642345695656,0,0,False,False
5.765153089000002,952.2955932617188,931.7877197265625,-177.7736358642578,,,False,DEFENCE,False,-2.217365080227931,0,0,False,False
5.7921467740000026,952.5036010742188,931.669677734375,-179.77786254882812,,,False,DEFENCE,False,-2.206178409278593,0,0,False,False
5.806768219000006,952.3709716796875,931.6453857421875,176.14552307128906,,,False,DEFENCE,False,-2.2031887227615043,0,0,False,False
5.832514089,952.5897827148438,931.509033203125,174.12193298339844,,,False,DEFENCE,False,-2.190174492697693,0,0,False,False
5.835372719000006,952.2340698242188,931.8392333984375,170.1422576904297,,,False,DEFENCE,False,-2.222359704576948,0,0,False,False
5.837962608000005,952.1929931640625,931.8355712890625,169.71397399902344,,,False,DEFENCE,False,-2.221825412031693,0,0,False,False
5.849866923,952.2700805664062,932.3410034179688,169.31935119628906,,,False,DEFENCE,False,-2.273512160222815,0,0,False,False
5.864287515000001,951.9539794921875,931.8828125,167.46820068359375,,,False,DEFENCE,False,-2.2256832382632514,0,0,False,False
5.878793830000006,951.845458984375,931.819580078125,165.23641967773438,,,False,DEFENCE,False,-2.218831133337017,0,0,False,False
5.904315163000007,951.9307250976562,931.7083129882812,162.22254943847656,,,False,DEFENCE,False,-2.2078615729862805,0,0,False,False
5.928951960000006,952.0957641601562,931.7098999023438,160.2509765625,,,False,DEFENCE,False,-2.208669545375016,0,0,False,False
5.941599811000003,951.9609375,931.7091674804688,164.62225341796875,,,False,DEFENCE,False,-2.2080667539636796,0,0,False,False
5.956692256000004,951.999755859375,931.4572143554688,166.95347595214844,,,False,DEFENCE,False,-2.1826155442980095,0,0,False,False
5.970480645000002,951.94970703125,931.4729614257812,169.58999633789062,,,False,DEFENCE,False,-2.1840218122491986,0,0,False,False
5.984877830000002,952.1336059570312,931.3875122070312,171.794189453125,,,False,DEFENCE,False,-2.176049151613882,0,0,False,False
6.008625941000005,952.30078125,931.2809448242188,174.00717163085938,,,False,DEFENCE,False,-2.165859578154244,0,0,False,False
6.014717126000001,952.6727905273438,931.3831176757812,177.66734313964844,,,False,DEFENCE,False,-2.177686522345075,0,0,False,False
6.0267762000000005,952.6210327148438,931.374267578125,178.5940399169922,,,False,DEFENCE,False,-2.1765859383199975,0,0,False,False
6.041603904000006,952.5302734375,931.4149169921875,-179.61570739746094,,,False,DEFENCE,False,-2.1803698213564036,0,0,False,False
6.064848960000006,952.7756958007812,931.366943359375,-177.38107299804688,,,False,DEFENCE,False,-2.17643879455768,0,0,False,False
6.069512682000003,953.064208984375,931.1085205078125,-173.84585571289062,,,False,DEFENCE,False,-2.1512435808236803,0,0,False,False
6.094727441000003,953.08544921875,931.1804809570312,-173.0428466796875,,,False,DEFENCE,False,-2.158651913940998,0,0,False,False
6.120298274000007,952.3201293945312,931.566650390625,-169.27899169921875,,,False,DEFENCE,False,-2.1949842948888505,0,0,False,False
6.1351019040000025,952.6129760742188,931.5504760742188,-165.4078826904297,,,False,DEFENCE,False,-2.1944807348734194,0,0,False,False
6.151983515000005,952.548583984375,931.5223999023438,-165.11683654785156,,,False,DEFENCE,False,-2.191373870683103,0,0,False,False
6.175473793000002,952.6177978515625,931.4834594726562,-164.5852508544922,,,False,DEFENCE,False,-2.1876818269504854,0,0,False,False
6.178103404000005,952.6026611328125,931.3558959960938,-166.7938232421875,,,False,DEFENCE,False,-2.1746459468285084,0,0,False,False
6.180007645000003,952.60888671875,931.4190063476562,-167.24505615234375,,,False,DEFENCE,False,-2.181090323609926,0,0,False,False
6.205242089000002,952.5527954101562,931.69091796875,-169.31036376953125,,,False,DEFENCE,False,-2.208531687010689,0,0,False,False
6.231296885000006,952.5577392578125,931.661865234375,-171.70587158203125,,,False,DEFENCE,False,-2.2055958790857986,0,0,False,False
6.23433533,952.5342407226562,931.6388549804688,-175.67616271972656,,,False,DEFENCE,False,-2.2031633451377077,0,0,False,False
6.246424774000005,952.5201416015625,931.66259765625,-176.15365600585938,,,False,DEFENCE,False,-2.2055230928130087,0,0,False,False
6.259902385000004,952.3734741210938,931.61279296875,-178.00152587890625,,,False,DEFENCE,False,-2.199884284356174,0,0,False,False
6.275430496000006,952.2756958007812,931.776123046875,179.90679931640625,,,False,DEFENCE,False,-2.2161077635497435,0,0,False,False
6.2891507,952.409912109375,931.7142333984375,176.11495971679688,,,False,DEFENCE,False,-2.2103423139945306,0,0,False,False
6.302026774000005,952.9242553710938,932.2514038085938,175.4774169921875,,,False,DEFENCE,False,-2.2670363368905906,0,0,False,False
6.317069737000004,952.8969116210938,932.2073364257812,173.5625457763672,,,False,DEFENCE,False,-2.2624413487210875,0,0,False,False
6.319020663000003,953.2264404296875,932.0590209960938,171.30638122558594,,,False,DEFENCE,False,-2.248663709404545,0,0,False,False
6.3439279590000055,953.2034301757812,932.0628051757812,171.0053253173828,,,False,DEFENCE,False,-2.2489570442206293,0,0,False,False
6.371331570000002,953.0960083007812,932.2897338867188,167.31800842285156,,,False,DEFENCE,False,-2.2716308423268288,0,0,False,False
6.3850656450000045,953.152587890625,932.2037963867188,163.2532958984375,,,False,DEFENCE,False,-2.2631093914546465,0,0,False,False
6.402994552000003,953.0961303710938,932.1171264648438,166.0228729248047,,,False,DEFENCE,False,-2.254058473638687,0,0,False,False
6.439973163000005,953.1478881835938,932.2760620117188,169.53041076660156,,,False,DEFENCE,False,-2.2704483566089784,0,0,False,False
6.452758922000001,952.8886108398438,932.2827758789062,174.7711944580078,,,False,DEFENCE,False,-2.270085461834591,0,0,False,False
6.468016496000004,952.9630737304688,932.508544921875,176.62477111816406,,,False,DEFENCE,False,-2.2933650117280835,0,0,False,False
6.492826774000001,953.2041015625,932.4605102539062,-179.59571838378906,,,False,DEFENCE,False,-2.2894568163694893,0,0,False,False
6.517516515000004,953.0222778320312,932.5387573242188,-177.28851318359375,,,False,DEFENCE,False,-2.296681688687184,0,0,False,False
6.543162718000005,956.2507934570312,932.6138305664062,-173.54502868652344,,,False,DEFENCE,False,-2.3176235220392982,0,0,False,False
6.547451589000005,956.1261596679688,932.8067626953125,-169.55799865722656,,,False,DEFENCE,False,-2.33685404087944,0,0,False,False
6.571523922000004,956.0294799804688,932.6674194335938,-167.260986328125,,,False,DEFENCE,False,-2.322190890907771,0,0,False,False
6.585996348000002,956.022216796875,932.66064453125,-165.1110076904297,,,False,DEFENCE,False,-2.321467455608083,0,0,False,False
6.613325330000002,955.9462890625,932.6315307617188,-165.9035186767578,,,False,DEFENCE,False,-2.3181736139529048,0,0,False,False
6.626874126000004,955.8394775390625,932.8934326171875,-167.4060821533203,,,False,DEFENCE,False,-2.344523304984449,0,0,False,False
6.639603700000002,955.9108276367188,932.791259765625,-169.3969268798828,,,False,DEFENCE,False,-2.334368892056765,0,0,False,False
6.651839811000002,955.996337890625,932.9737548828125,-171.26036071777344,,,False,DEFENCE,False,-2.353399357907466,0,0,False,False
6.654675144000002,955.9324951171875,932.8359375,-173.10733032226562,,,False,DEFENCE,False,-2.3390304294046085,0,0,False,False
6.669182126000003,955.9003295898438,932.8596801757812,-173.68531799316406,,,False,DEFENCE,False,-2.341325073129815,0,0,False,False
6.705110330000004,956.19482421875,932.6685180664062,-177.16314697265625,,,False,DEFENCE,False,-2.322989709506623,0,0,False,False
6.732891663000004,956.4779052734375,932.4854736328125,178.59524536132812,,,False,DEFENCE,False,-2.305418889671387,0,0,False,False
6.7360207550000055,956.4978637695312,932.3109741210938,174.5489959716797,,,False,DEFENCE,False,-2.287628325778843,0,0,False,False
6.738120904000006,956.4422607421875,932.3021240234375,174.09152221679688,,,False,DEFENCE,False,-2.2864944595607835,0,0,False,False
6.774133718000002,957.000244140625,932.8865356445312,172.28982543945312,,,False,DEFENCE,False,-2.348687992178843,0,0,False,False
6.788275329000001,956.9913940429688,932.5347290039062,168.36279296875,,,False,DEFENCE,False,-2.31258735878443,0,0,False,False
6.801717366000005,957.0453491210938,932.5911865234375,166.2223663330078,,,False,DEFENCE,False,-2.3185988451414143,0,0,False,False
6.817430774000002,957.2945556640625,932.4645385742188,164.1924591064453,,,False,DEFENCE,False,-2.306643800875376,0,0,False,False
6.829073311000002,957.392822265625,932.483154296875,167.62525939941406,,,False,DEFENCE,False,-2.308959577541112,0,0,False,False
6.8422525890000045,957.2981567382812,932.5741577148438,170.10598754882812,,,False,DEFENCE,False,-2.3179021244224107,0,0,False,False
6.845213478000005,957.2130126953125,932.4537963867188,172.9400177001953,,,False,DEFENCE,False,-2.30520530687973,0,0,False,False
6.859226718000002,957.1920166015625,932.50732421875,173.59078979492188,,,False,DEFENCE,False,-2.310607878340104,0,0,False,False
6.863684607000003,957.2241821289062,932.5028076171875,176.63134765625,,,False,DEFENCE,False,-2.310277781117611,0,0,False,False
6.888120274000002,957.3037719726562,932.2941284179688,179.74423217773438,,,False,DEFENCE,False,-2.289202675508414,0,0,False,False
6.912358292,957.3612060546875,932.1411743164062,-178.25454711914062,,,False,DEFENCE,False,-2.273747515812781,0,0,False,False
6.937640570000006,957.7465209960938,931.8301391601562,-174.90167236328125,,,False,DEFENCE,False,-2.243387694492643,0,0,False,False
6.942127237000001,957.793701171875,932.0468139648438,-171.04464721679688,,,False,DEFENCE,False,-2.2658229613333147,0,0,False,False
6.967278459000006,957.6962280273438,931.9688720703125,-168.83486938476562,,,False,DEFENCE,False,-2.257426436244069,0,0,False,False
6.981865089000003,957.6696166992188,931.7926635742188,-166.39732360839844,,,False,DEFENCE,False,-2.2392317049626693,0,0,False,False
6.996302959000005,957.7656860351562,931.8148193359375,-164.33883666992188,,,False,DEFENCE,False,-2.2418919745918067,0,0,False,False
7.008670218000006,957.8140258789062,931.872314453125,-162.1304473876953,,,False,DEFENCE,False,-2.2479894621137952,0,0,False,False
7.024868311000006,957.7650146484375,931.8829345703125,-160.2252655029297,,,False,DEFENCE,False,-2.2488822410986673,0,0,False,False
7.048982496000001,957.801025390625,931.904052734375,-165.13442993164062,,,False,DEFENCE,False,-2.25119562881367,0,0,False,False
7.053160718000001,957.8469848632812,931.7390747070312,-167.587158203125,,,False,DEFENCE,False,-2.2344413276648196,0,0,False,False
7.075509348000004,958.0148315429688,931.7023315429688,-170.15093994140625,,,False,DEFENCE,False,-2.2313400452609065,0,0,False,False
7.078577644000006,957.9718017578125,931.8765258789062,-172.0499267578125,,,False,DEFENCE,False,-2.249058061282478,0,0,False,False
7.0808454400000045,957.9669189453125,931.847412109375,-172.45907592773438,,,False,DEFENCE,False,-2.246048363752984,0,0,False,False
7.104292959000006,957.9342041015625,931.817138671875,-172.8394012451172,,,False,DEFENCE,False,-2.2428076622835778,0,0,False,False
7.1299147550000015,958.0387573242188,932.0814208984375,-176.37391662597656,,,False,DEFENCE,False,-2.2703733660819423,0,0,False,False
7.134023755000001,957.9723510742188,931.7059326171875,179.74697875976562,,,False,DEFENCE,False,-2.2315398935319646,0,0,False,False
7.135986126000006,957.9464721679688,931.6941528320312,179.1746368408203,,,False,DEFENCE,False,-2.230226553405088,0,0,False,False
7.1378648290000015,957.958740234375,931.7275390625,178.87200927734375,,,False,DEFENCE,False,-2.233704431552071,0,0,False,False
7.150019329000003,957.9793701171875,931.7151489257812,178.56105041503906,1280.9359675205396,1636.3907286284975,False,DEFENCE,False,65.37775959644415,600,0,False,False
7.185791607000006,958.773193359375,930.1344604492188,175.27035522460938,1290.3618770613964,1654.4162778672369,False,DEFENCE,False,65.40087781729585,600,0,False,False
7.190914718000002,959.9055786132812,930.25390625,171.1337127685547,1291.708328013921,1656.9911506513515,False,DEFENCE,False,65.4602230295524,600,0,False,False
7.2046497000000045,959.9080810546875,930.279541015625,170.297119140625,1295.3278285918107,1663.9128684551981,False,DEFENCE,False,65.42995331372717,600,0,False,False
7.231685792,959.9049682617188,930.3137817382812,168.1716766357422,1302.440911707344,1677.5155058858393,False,DEFENCE,False,65.37209546445493,600,0,False,False
7.243984607000002,959.877685546875,930.290771484375,173.22169494628906,1305.6760705241245,1683.7022313465757,False,DEFENCE,False,65.34597477610015,600,0,False,False
7.258440237000002,959.8992309570312,930.3002319335938,175.60498046875,1309.4677281037254,1690.9531719694714,False,DEFENCE,False,65.31820443905737,600,0,False,False
7.2726178660000045,959.8512573242188,930.2883911132812,178.22976684570312,1313.1830945338802,1698.0582179320304,False,DEFENCE,False,65.2878562528422,600,0,False,False
7.2865295880000005,959.8238525390625,930.2847900390625,-177.21629333496094,1316.868032339461,1705.1050740012809,False,DEFENCE,False,65.25932324512684,600,0,False,False
7.288644662000003,959.8185424804688,930.2615356445312,-176.70143127441406,1317.4294247779862,1706.1786475380338,False,DEFENCE,False,65.25559120483541,600,0,False,False
7.311541551000005,959.8232421875,930.2516479492188,-176.38792419433594,1323.4487713735366,1717.6896882469252,False,DEFENCE,False,65.21330823964311,600,0,False,False
7.316354070000003,964.2092895507812,942.95654296875,-173.410400390625,1324.691388565918,1720.0659955188219,False,DEFENCE,False,65.11456594111357,600,0,False,False
7.338390625000002,964.2230224609375,942.9800415039062,-171.17710876464844,1330.5201327667164,1731.2125395351948,False,DEFENCE,False,65.07537991949356,600,0,False,False
7.341309737000003,964.2412719726562,943.015380859375,-169.2700958251953,1146.4849138520253,1078.431510188981,False,DEFENCE,False,116.61419290928463,500,0,False,False
7.36469194,964.2239379882812,943.0310668945312,-168.79013061523438,1141.9988845086618,1084.2625841905801,False,DEFENCE,False,118.46503185315137,500,0,False,False
7.369874311000004,964.2633666992188,943.0792846679688,-165.20986938476562,1132.18278685564,1095.897285644292,False,DEFENCE,False,122.30430875484421,500,0,False,False
7.382630829,964.2540893554688,943.0447387695312,-165.5757293701172,1126.8761543466678,1101.4882210149883,False,DEFENCE,False,124.2543527592174,500,0,False,False
7.395839348000003,964.2450561523438,943.0266723632812,-166.47109985351562,1123.7634488186086,1104.5944769817747,False,DEFENCE,False,125.36569949689469,500,0,False,False
7.407278607000002,964.2132568359375,943.0662841796875,-167.38511657714844,1121.073878449657,1107.2784745303177,False,DEFENCE,False,126.31166595018657,500,0,False,False
7.4250616810000025,964.2308349609375,943.0867309570312,-168.21217346191406,1135.461999689533,1092.1845556016478,False,DEFENCE,False,121.0473930121925,500,0,False,False
7.450439459000002,964.3052368164062,943.0375366210938,-172.97540283203125,1142.9879366774082,1083.1188196622315,False,DEFENCE,False,118.09526371835595,500,0,False,False
7.463671199000004,964.27099609375,943.0703125,-175.5373992919922,1147.5600406482718,1077.0680708184093,False,DEFENCE,False,116.16954722982504,500,0,False,False
7.477380588000003,961.4498901367188,949.1353759765625,-177.81082153320312,1150.1734044732582,1075.4091013444906,False,DEFENCE,False,113.78623345231551,500,0,False,False
7.479490162000005,961.4232788085938,949.1650390625,179.91648864746094,1150.5901972489276,1075.1445203147946,False,DEFENCE,False,113.66242204812352,500,0,False,False
7.482119662000002,961.4268188476562,949.1635131835938,179.5120849609375,1151.0926793288052,1074.8255435141907,False,DEFENCE,False,113.52623626219912,500,0,False,False
7.495648996,961.4313354492188,949.172119140625,177.36843872070312,1155.294158654488,1067.3562080314348,False,DEFENCE,False,111.36762955436923,500,0,False,False
7.497602699000005,961.4207153320312,949.1991577148438,176.89590454101562,1155.812224815836,1066.5414976628463,False,DEFENCE,False,111.11682818342858,500,0,False,False
7.5196579960000065,961.4330444335938,949.184814453125,176.56568908691406,1156.0260871194005,1066.1626791384924,False,DEFENCE,False,111.01180362890034,500,0,False,False
7.5364008100000035,961.4076538085938,949.1141967773438,172.90737915039062,1156.5917323206336,1065.103198770956,False,DEFENCE,False,110.7210860155843,500,0,False,False
7.572867940000002,961.4232177734375,949.1342163085938,169.55274963378906,1157.0842952322298,1064.3167490804199,False,DEFENCE,False,110.48463832558612,500,0,False,False
7.578293885000001,961.4865112304688,949.240234375,166.22586059570312,1157.157444795716,1064.199954960903,False,DEFENCE,False,110.43489905292965,500,0,False,False
7.590852385000005,961.4801635742188,949.241943359375,167.16761779785156,1157.326309630158,1063.930337225457,False,DEFENCE,False,110.3534337654548,500,0,False,False
7.615729736000006,961.4524536132812,949.2552490234375,169.2151641845703,1157.6626496503422,1063.393320534672,False,DEFENCE,False,110.18713124116047,500,0,False,False
7.630030551000004,956.5748901367188,960.7985229492188,173.30258178710938,1085.5456340384492,1147.658952964518,False,DEFENCE,False,135.38662952063953,500,0,False,False
7.644422107000004,956.5415649414062,960.8179931640625,175.12786865234375,1067.5370840693504,1168.6388289942931,False,DEFENCE,False,141.89366582848734,500,0,False,False
7.670417347000004,956.548828125,960.800048828125,176.9764404296875,1071.8986509540036,1156.3625489690921,False,DEFENCE,False,139.46636149039952,500,0,False,False
7.6846996440000055,956.557861328125,960.8255004882812,-179.65557861328125,1057.9793280338768,1163.960822821258,False,DEFENCE,False,143.46794647829103,500,0,False,False
7.6976126070000035,956.5155029296875,960.8336791992188,-177.5880889892578,1048.5929111387015,1168.3716853223839,False,DEFENCE,False,146.07480073006434,500,0,False,False
7.710227662000001,956.5512084960938,960.8535766601562,-175.64456176757812,1039.432714702754,1172.6762423661942,False,DEFENCE,False,148.63069694040968,500,0,False,False
7.7156446070000015,956.5310668945312,960.8406372070312,-173.7789306640625,1035.5285930101531,1174.5108661812283,False,DEFENCE,False,149.70978743705007,500,0,False,False
7.738093014,956.4660034179688,960.8707885742188,-171.42054748535156,1019.1866764669727,1182.1902552049455,False,DEFENCE,False,154.1775730984997,500,0,False,False
7.741013403000004,956.5128173828125,960.88720703125,-169.45755004882812,1017.0652967088075,1183.1871334099555,False,DEFENCE,False,154.7628207451622,500,0,False,False
7.753473662000005,956.5286254882812,960.8865966796875,-169.04190063476562,1008.0516412441517,1187.4228279599765,False,DEFENCE,False,157.18671348078857,500,0,False,False
7.767864292000006,956.495849609375,960.8487548828125,-165.62644958496094,997.5696313898522,1192.3485312095868,False,DEFENCE,False,159.93901247620062,500,0,False,False
7.782092107000004,954.1738891601562,961.7242431640625,-166.33792114257812,987.2546020276628,1197.1957670312856,False,DEFENCE,False,162.00301883944985,500,0,False,False
7.796675033000007,954.2183227539062,961.7544555664062,-168.43568420410156,976.6262244183499,1202.1902513769385,False,DEFENCE,False,164.6755834758763,500,0,False,False
7.819653644000006,954.2742919921875,961.728515625,-171.8295440673828,996.2738913874791,1192.2993593314793,False,DEFENCE,False,159.67648177369347,500,0,False,False
7.836995014000003,954.330322265625,961.7207641601562,-173.78773498535156,1002.9433538826963,1192.8191436890797,False,DEFENCE,False,158.1206625542555,500,0,False,False
7.862825773000004,954.3211059570312,961.720458984375,-176.42523193359375,1016.073802581475,1204.526079572542,False,DEFENCE,False,155.7305109200674,500,0,False,False
7.8767853840000015,954.2753295898438,961.688232421875,179.66958618164062,1024.1244577589498,1211.1370605461286,False,DEFENCE,False,154.35701738580195,500,0,False,False
7.902961551000004,954.2966918945312,961.7047729492188,177.6000518798828,1030.903548317485,1218.3116604272584,False,DEFENCE,False,153.37764695454786,500,0,False,False
7.928376681000003,954.2724609375,961.6155395507812,173.676025390625,1051.7134435995536,1234.2565554338373,False,DEFENCE,False,150.33328122961592,500,0,False,False
7.932728847,943.1875,967.8214111328125,170.06991577148438,1055.2733854393243,1236.984243300368,False,DEFENCE,False,147.39197904648208,500,0,False,False
7.956514236000004,943.1983642578125,967.8311157226562,169.36744689941406,1050.4061418837625,1246.6886053528028,False,DEFENCE,False,148.9705623336069,500,0,False,False
7.981758069000001,943.1768188476562,967.8145751953125,166.0299835205078,1058.172818168927,1251.9332419859068,False,DEFENCE,False,147.96453779459415,500,0,False,False
7.995722532000002,943.1357421875,967.821533203125,170.6761474609375,1062.4709095123096,1254.8356324659876,False,DEFENCE,False,147.42336004223466,500,0,False,False
8.008502236000005,943.1180419921875,967.786376953125,173.21177673339844,1066.3909524514615,1257.4827365871272,False,DEFENCE,False,146.9490568033218,500,0,False,False
8.014634662000006,943.11328125,967.8232421875,175.5924530029297,1068.2501732359524,1258.738220538994,False,DEFENCE,False,146.72507324735838,500,0,False,False
8.039407921000006,943.175537109375,967.8126220703125,178.57350158691406,1075.9085318697012,1263.9097130494683,False,DEFENCE,False,145.85448767926135,500,0,False,False
8.051627940000003,943.185791015625,967.8289794921875,-179.33546447753906,1079.645527511674,1266.4332100412353,False,DEFENCE,False,145.43997976105476,500,0,False,False
8.054507069000003,943.246826171875,967.7977905273438,-177.57891845703125,1080.5529903543406,1267.045996346868,False,DEFENCE,False,145.35258916787956,500,0,False,False
8.090823588000006,943.2739868164062,967.8150024414062,-175.75155639648438,1091.7118352016155,1274.5812771182489,False,DEFENCE,False,144.17862147646156,500,0,False,False
8.104189995000006,932.0568237304688,975.2149658203125,-171.3904266357422,971.6962818923779,544.2716223157222,False,DEFENCE,False,-84.74455136205866,500,0,False,False
8.118653773000005,932.0772094726562,975.216796875,-169.28903198242188,876.8873110338752,1216.2469990777304,False,DEFENCE,False,182.89697627926938,500,0,False,False
8.131234736000003,932.0919799804688,975.2033081054688,-170.78382873535156,870.2577144931342,1214.521897688263,False,DEFENCE,False,184.48704442650012,500,0,False,False
8.133889792000005,932.1209716796875,975.1765747070312,-172.08010864257812,868.8691786324777,1214.160583824316,False,DEFENCE,False,184.82453522263523,500,0,False,False
8.136932069000004,932.13525390625,975.1952514648438,-172.4102020263672,867.2870687462237,1213.7488996522409,False,DEFENCE,False,185.20773719962125,500,0,False,False
8.158903588000001,932.1740112304688,975.1983642578125,-173.68484497070312,855.6903275590257,1210.7312870098442,False,DEFENCE,False,187.9899655710896,500,0,False,False
8.185263310000003,932.1253662109375,975.200927734375,-174.9520721435547,884.8829937161178,1221.5054839890681,False,DEFENCE,False,180.85773314006974,500,0,False,False
8.189059236000006,932.1242065429688,975.2594604492188,-178.91896057128906,885.9096586025706,1221.9957175584404,False,DEFENCE,False,180.60877491417958,500,0,False,False
8.191682273000005,932.1277465820312,975.2749633789062,-179.43377685546875,886.612711384876,1222.3314260057386,False,DEFENCE,False,180.4385148066084,500,0,False,False
8.204509829000003,932.1375732421875,975.2733154296875,-179.85186767578125,890.093768193252,1223.993634314288,False,DEFENCE,False,179.59460526775732,500,0,False,False
8.217710736,932.154296875,975.3142700195312,178.2714080810547,893.6429164994094,1225.688356385061,False,DEFENCE,False,178.74443872432462,500,0,False,False
8.230929995000004,932.1420288085938,975.3067626953125,176.2841796875,897.2453762531187,1227.4085347284372,False,DEFENCE,False,177.8809658297941,500,0,False,False
8.244114866000004,932.1139526367188,975.3117065429688,174.06289672851562,900.8047866902212,1229.1081569775927,False,DEFENCE,False,177.03266415123585,500,0,False,False
8.258698329000005,925.4166870117188,975.556396484375,171.7799835205078,904.7559652709568,1230.9948489297776,False,DEFENCE,False,174.62420897313712,500,0,False,False
8.283134273000002,925.4180297851562,975.5486450195312,169.2904052734375,911.3772986902818,1234.1565426420996,False,DEFENCE,False,173.10773786365223,500,0,False,False
8.296074254000004,925.4806518554688,975.5436401367188,167.92263793945312,914.8811387201903,1235.8296299630329,False,DEFENCE,False,172.33194263273407,500,0,False,False
8.308938384000001,925.4622192382812,975.5393676757812,166.63218688964844,918.362905487311,1237.4921772776338,False,DEFENCE,False,171.5524214932412,500,0,False,False
8.326879662000003,925.4583129882812,975.5250244140625,165.36019897460938,923.2183778836051,1239.810670483385,False,DEFENCE,False,170.48559487409415,500,0,False,False
8.339791310000003,925.451416015625,975.5740356445312,168.25889587402344,926.7155055762915,1241.4805526561936,False,DEFENCE,False,169.72762438479947,500,0,False,False
8.352624440000007,925.4902954101562,975.5820922851562,170.37313842773438,930.189269172109,1243.139278448031,False,DEFENCE,False,168.99384616471457,500,0,False,False
8.379741884000005,925.542236328125,975.5614624023438,172.402099609375,937.5215294616344,1246.6404404929513,False,DEFENCE,False,167.46967958973835,500,0,False,False
8.384077884,925.4828491210938,975.5886840820312,176.8006591796875,938.7023844790822,1247.2043000129886,False,DEFENCE,False,167.21361242435145,500,0,False,False
8.411075921000005,918.2200317382812,976.8717651367188,179.0779266357422,946.0091507955046,1250.6932886587824,False,DEFENCE,False,164.20510671402766,500,0,False,False
8.424476291000005,918.2523193359375,976.8700561523438,-178.2754669189453,949.6312957689518,1252.422866715408,False,DEFENCE,False,163.5033459879041,500,0,False,False
8.437173977,918.2772216796875,976.85595703125,-176.29725646972656,953.076080139647,1254.067754896593,False,DEFENCE,False,162.84499212140065,500,0,False,False
8.449332884,918.2987670898438,976.8369750976562,-174.33447265625,956.3688042555814,1255.6400341452677,False,DEFENCE,False,162.22445634132967,500,0,False,False
8.452141940000004,918.3261108398438,976.835693359375,-172.42462158203125,957.1295573213148,1256.003294538943,False,DEFENCE,False,162.08676283676937,500,0,False,False
8.463652940000003,918.3329467773438,976.8327026367188,-172.00743103027344,960.230140784268,1257.4838264225568,False,DEFENCE,False,161.50926546411372,500,0,False,False
8.489828180000003,918.3018798828125,976.8280029296875,-170.14988708496094,967.2873888728017,1260.8536698505727,False,DEFENCE,False,160.21454347383386,500,0,False,False
8.503385421000004,918.2922973632812,976.7913208007812,-166.1524658203125,971.0001503987464,1262.6265174068776,False,DEFENCE,False,159.55205573261435,500,0,False,False
8.516620865,918.2869873046875,976.7451171875,-164.07725524902344,974.5853129757681,1264.3384363300872,False,DEFENCE,False,158.92402817238775,500,0,False,False
8.529183162000002,918.2752075195312,976.7510986328125,-162.01171875,977.9827882773889,1265.9607343807415,False,DEFENCE,False,158.33512048476535,500,0,False,False
8.556004995000002,918.2742919921875,976.7844848632812,-160.10716247558594,564.8678991309597,1358.1717071018902,False,DEFENCE,False,132.8192390908235,600,0,False,False
8.583141106000006,905.2489013671875,981.6321411132812,-163.5362548828125,541.439742181504,1368.1769780373975,False,DEFENCE,False,133.264472563432,600,0,False,False
8.587979069000006,905.2750854492188,981.6001586914062,-166.89080810546875,537.266513616416,1369.9592045505453,False,DEFENCE,False,133.45879832798667,600,0,False,False
8.590303551000005,905.2766723632812,981.6367797851562,-167.4751434326172,535.3418645612476,1370.7811486451776,False,DEFENCE,False,133.5503595056013,600,0,False,False
8.603263125000005,905.2638549804688,981.6459350585938,-169.01785278320312,682.2503657058721,1317.5643226996426,False,DEFENCE,False,123.57986090462622,500,0,False,False
8.616364236000003,905.25732421875,981.6622314453125,-169.393798828125,714.5853277088206,1306.3783400737975,False,DEFENCE,False,200.4212849403626,500,0,False,False
8.630265125000001,905.231201171875,981.67431640625,-171.0255584716797,720.9118608265784,1302.6803762122668,False,DEFENCE,False,199.86412849674213,500,0,False,False
8.654541810000005,905.2184448242188,981.7460327148438,-173.2494659423828,755.6628997651335,1289.3018816060105,False,DEFENCE,False,195.93231926389228,500,0,False,False
8.681631476000007,905.2030029296875,981.760986328125,-177.16819763183594,766.5264962401142,1312.083747060884,False,DEFENCE,False,192.77369815070443,500,0,False,False
8.704991513000003,905.213134765625,981.7529296875,178.4505615234375,771.1055033903447,1321.246038698382,False,DEFENCE,False,191.5551664205391,500,0,False,False
8.710345680000003,905.2583618164062,981.7520141601562,175.43321228027344,787.8051138610278,1321.8480461716458,False,DEFENCE,False,189.05251600795327,500,0,False,False
8.724523365000003,903.32275390625,982.0724487304688,174.511474609375,831.8679683929005,1323.4364764986938,False,DEFENCE,False,181.8225336344171,500,0,False,False
8.737481828,896.37890625,980.9043579101562,172.02024841308594,872.5380516065036,1324.9026001592322,False,DEFENCE,False,173.96455399076234,500,0,False,False
8.739583773000007,896.3436279296875,980.901611328125,169.75296020507812,878.8754923708182,1325.1310597815798,False,DEFENCE,False,172.90501777343303,500,0,False,False
8.761657199000005,896.306396484375,980.891357421875,169.38601684570312,948.0246081945546,1327.6238295721414,False,DEFENCE,False,161.51637485328592,500,0,False,False
8.780171588000002,896.3267822265625,980.8621826171875,165.458251953125,1005.6987431840564,1329.7029355691739,False,DEFENCE,False,152.5922389125321,500,0,False,False
8.794618902000003,896.3732299804688,980.8980102539062,166.09652709960938,845.9474505721417,1360.4728708494679,False,DEFENCE,False,177.56732252174942,500,0,False,False
8.821417884000006,896.367431640625,980.8490600585938,166.43235778808594,864.4381183922388,1372.7564982907877,False,DEFENCE,False,174.65768981771834,500,0,False,False
8.835940162,896.37353515625,980.9212646484375,168.05479431152344,1317.4810493183736,1631.7185433396646,False,DEFENCE,False,57.09454653940214,600,0,False,False
8.850461495000005,896.3782348632812,980.8876342773438,169.42405700683594,786.9459140715155,1336.6619574667625,False,DEFENCE,False,187.0973293625422,500,0,False,False
8.874891939000001,896.3610229492188,980.9096069335938,170.79104614257812,-94.18095188992027,846.6241305271731,False,DEFENCE,False,-172.2796112000889,600,0,False,False
8.878381458000007,887.4982299804688,983.1624755859375,174.80564880371094,-222.5099417626468,775.2540909109531,False,DEFENCE,False,-169.39122290523724,600,0,False,False
8.904150736000005,887.4813842773438,983.156494140625,176.9914093017578,-1154.8373413439342,256.74113830845204,False,DEFENCE,False,-160.4204590458608,600,0,False,False
8.916919217,887.540283203125,983.1389770507812,179.5863800048828,-1616.5647537402676,-0.048101186876010615,False,DEFENCE,False,-158.56353253837364,600,0,False,False
8.930398995000004,887.5515747070312,983.1302490234375,-178.32028198242188,-2104.090750944718,-271.1851978703871,False,DEFENCE,False,-157.25300183225198,600,0,False,False
8.933370291000003,887.5299682617188,983.1384887695312,-176.19029235839844,-2210.9927744911847,-330.6386515532397,False,DEFENCE,False,-157.02300068010172,600,0,False,False
8.935606958000001,887.5498657226562,983.1377563476562,-175.71768188476562,-2292.044478099572,-375.7154756070238,False,DEFENCE,False,-156.859742402336,600,0,False,False
8.947849162000004,887.5267333984375,983.1478271484375,-175.33859252929688,-2734.4229518898183,-621.7438222112144,False,DEFENCE,False,-156.10179201014427,600,0,False,False
8.973926550000002,887.547607421875,983.1466064453125,-173.37200927734375,-3674.4243957489207,-1144.5246868783825,False,DEFENCE,False,-154.99598905346087,600,0,False,False
8.986815402000005,887.54296875,983.1589965820312,-168.0297393798828,-4144.144885724507,-1405.7592684905035,False,DEFENCE,False,-154.60281357127246,600,0,False,False
9.003358032000001,887.5477905273438,983.1729125976562,-167.6091766357422,-4740.443993675745,-1737.390422135556,False,DEFENCE,False,-154.20094235521202,600,0,False,False
9.027231069000003,887.5474243164062,983.1419677734375,-163.71046447753906,-5603.161775892085,-2217.1900555267594,False,DEFENCE,False,-153.75377428257886,600,0,False,False
9.039375310000004,880.3223266601562,978.9318237304688,-165.66505432128906,1252.509264249984,1658.8917636704741,False,DEFENCE,False,61.305203323076384,600,0,False,False
9.045465680000007,880.3548583984375,978.9371948242188,-167.33673095703125,1267.425068678526,1669.2154215970252,False,DEFENCE,False,60.71867982199205,600,0,False,False
9.093785606000004,880.3504638671875,978.9578247070312,-169.7166290283203,1386.5946255209326,1751.6961048208886,False,DEFENCE,False,56.769982389662275,600,0,False,False
9.107387273,880.3264770507812,978.98828125,-175.76443481445312,1420.0638198667548,1774.8610983791539,False,DEFENCE,False,55.85604344266686,600,0,False,False
9.133247717000003,880.3516235351562,979.0341186523438,-177.9207000732422,1483.83937174918,1819.0019950277642,False,DEFENCE,False,54.30406683187842,600,0,False,False
9.146278680000002,880.3638916015625,979.0526733398438,178.14723205566406,1515.9554148463244,1841.2304336264122,False,DEFENCE,False,53.602615263785914,600,0,False,False
9.158680495000006,880.3397827148438,979.0562133789062,176.1389923095703,1546.5332252170085,1862.3942170430028,False,DEFENCE,False,52.97723174055188,600,0,False,False
9.185789106000001,880.3689575195312,979.0388793945312,174.2946319580078,1613.2830070693885,1908.5936639328563,False,DEFENCE,False,51.745737230674365,600,0,False,False
9.188485847000003,887.9308471679688,989.9468994140625,170.18431091308594,1619.960041715491,1913.2150319576467,False,DEFENCE,False,51.5902482691168,600,0,False,False
9.190945643000006,887.921875,989.9448852539062,169.79351806640625,1625.9578567161432,1917.3662924994505,False,DEFENCE,False,51.48745173242714,600,0,False,False
9.203542384000002,887.9249267578125,989.937255859375,169.40106201171875,1656.983975555234,1938.840363121507,False,DEFENCE,False,50.97621429007824,600,0,False,False
9.217619217000006,887.9273681640625,989.9188842773438,167.497314453125,1691.7763555771407,1962.9211716033756,False,DEFENCE,False,50.438074949685024,600,0,False,False
9.241606402000002,887.9823608398438,989.8905029296875,168.40150451660156,670.9009473710722,1391.4467544365311,False,DEFENCE,False,118.39566727640853,500,0,False,False
9.244975143000005,888.0048217773438,989.9158935546875,169.90313720703125,661.5531578189463,1387.148295163285,False,DEFENCE,False,119.68631844504131,500,0,False,False
9.257596865000004,888.0154418945312,989.8920288085938,170.12974548339844,625.1630832124455,1370.414793325852,False,DEFENCE,False,124.63541509643586,500,0,False,False
9.283477587,887.9786376953125,989.923828125,170.9409637451172,550.4747040923385,1336.0703149823555,False,DEFENCE,False,134.27571835789448,500,0,False,False
9.296721384000001,888.0098876953125,989.9313354492188,176.04397583007812,512.5130653654332,1318.6141498533302,False,DEFENCE,False,138.8034386150524,500,0,False,False
9.310270976000005,887.9862060546875,989.9594116210938,178.69874572753906,473.44749198152505,1300.6503547507168,False,DEFENCE,False,143.1489567525392,600,0,False,False
9.324626717000001,887.9794311523438,989.994384765625,-178.4539031982422,432.12810914571054,1281.6501747268712,False,DEFENCE,False,147.38869848892975,600,0,False,False
9.328341828000006,887.9744873046875,989.9568481445312,-175.76565551757812,421.464511763281,1276.7466583608823,False,DEFENCE,False,148.41862867943158,600,0,False,False
9.350453569000003,885.1849975585938,994.859375,-173.75802612304688,357.86210502480475,1247.499920025443,False,DEFENCE,False,154.40090599089052,600,0,False,False
9.354105309000005,885.192626953125,994.8775634765625,-171.87985229492188,347.3843252150757,1242.6818494500396,False,DEFENCE,False,155.2613121967327,600,0,False,False
9.356395587000002,885.1995239257812,994.8974609375,-171.34869384765625,340.9197935714578,1239.709218772407,False,DEFENCE,False,155.78224580631255,600,0,False,False
9.368533069000001,885.1986694335938,994.90771484375,-170.9879608154297,305.984718556361,1223.6447795461258,False,DEFENCE,False,158.450467960414,600,0,False,False
9.381828383000006,885.1898193359375,994.9204711914062,-169.1294403076172,267.64390227335474,1206.014254556607,False,DEFENCE,False,161.12819375857077,600,0,False,False
9.406225958,885.2171630859375,994.9225463867188,-167.2166290283203,197.46108503596025,1173.7416001612146,False,DEFENCE,False,165.42559078835882,600,0,False,False
9.413957420000003,885.1309814453125,994.9262084960938,-164.20623779296875,175.36250735859898,1163.5798570439658,False,DEFENCE,False,166.6333907370187,600,0,False,False
9.426968643000002,885.1376342773438,994.8993530273438,-165.25816345214844,137.82804334679497,1146.3201226438507,False,DEFENCE,False,168.5457329258266,600,0,False,False
9.428667050000001,885.1295776367188,994.9149780273438,-166.96018981933594,132.9021634859813,1144.0550209480389,False,DEFENCE,False,168.785707969835,600,0,False,False
9.440219587000001,885.13720703125,994.9048461914062,-167.1915283203125,99.69567186858933,1128.7854482828852,False,DEFENCE,False,170.3267493229028,600,0,False,False
9.452408198,885.119384765625,994.8966064453125,-168.7674560546875,64.65980281959219,1112.6746602329285,False,DEFENCE,False,171.83092363847948,600,0,False,False
9.480423235000004,885.1889038085938,994.9126586914062,-170.42483520507812,-15.912342320231005,1075.6246087196437,False,DEFENCE,False,174.8816559630055,600,0,False,False
9.504526865000003,885.1536865234375,994.9476318359375,-174.25320434570312,-85.22709665342313,1043.7511217444762,False,DEFENCE,False,177.12084161202029,600,0,False,False
9.507228383000005,870.819580078125,996.8656005859375,-177.5533447265625,-92.98206620044459,1040.18510000455,False,DEFENCE,False,177.42648797551664,600,0,False,False
9.509136513000001,870.8201904296875,996.8292236328125,-177.9166259765625,-98.42768672585976,1037.6810023335956,False,DEFENCE,False,177.5865307199182,600,0,False,False
9.533832809000003,870.8031005859375,996.8082885742188,-179.66221618652344,-169.35445992775624,1005.0662494777414,False,DEFENCE,False,179.54513009885497,600,0,False,False
9.558037717000005,870.7779541015625,996.7840576171875,178.4090118408203,-239.11215947114954,972.9890799168982,False,DEFENCE,False,-178.77182168168744,600,0,False,False
9.585387939,870.7222290039062,996.859375,174.5598602294922,-317.7747033564676,936.8171336684845,False,DEFENCE,False,-177.10790603147882,600,0,False,False
9.588232272000006,870.6702880859375,996.83935546875,169.99624633789062,-325.9355917338902,933.0644554413757,False,DEFENCE,False,-176.94922214849893,600,0,False,False
9.590965846000003,870.6859741210938,996.8411254882812,169.46444702148438,-333.73581574511184,929.4776240255135,False,DEFENCE,False,-176.7987732047494,600,0,False,False
9.612537587000006,870.655517578125,996.8551025390625,167.40374755859375,-395.85236757568384,900.9141367166367,False,DEFENCE,False,-175.66798294723347,600,0,False,False
9.638940031000004,870.6728515625,996.8590087890625,165.38327026367188,-471.79827226159443,865.991401620618,False,DEFENCE,False,-174.4322491465857,600,0,False,False
9.656747735000003,870.6688232421875,996.8550415039062,162.48178100585938,-523.0153549569362,842.4398932310928,False,DEFENCE,False,-173.67762227113298,600,0,False,False
9.692131846000002,859.2962036132812,996.3610229492188,160.37400817871094,-624.7542472158183,795.6565887459667,False,DEFENCE,False,-172.29799277664927,600,0,False,False
9.696399735,859.25537109375,996.3995971679688,165.69021606445312,-637.0291777932522,790.0121217974115,False,DEFENCE,False,-172.14655894851768,600,0,False,False
9.709640198000002,859.2758178710938,996.4338989257812,166.3087921142578,-675.1224658705579,772.4954194292999,False,DEFENCE,False,-171.69656394003192,600,0,False,False
9.723088143000005,859.31787109375,996.395751953125,168.34519958496094,-713.6909258219647,754.7602154638612,False,DEFENCE,False,-171.2668547402534,600,0,False,False
9.737471198000001,859.3132934570312,996.3584594726562,170.44342041015625,1260.9924720417691,1659.3233710081013,False,DEFENCE,False,58.78903965705669,600,0,False,False
9.751562272000001,859.3634033203125,996.370361328125,172.5087127685547,1277.7449095550185,1666.928269727635,False,DEFENCE,False,58.03870446237566,600,0,False,False
9.754003531000002,859.3780517578125,996.3624877929688,174.46815490722656,1280.655909790194,1668.2497408236197,False,DEFENCE,False,57.912009397175595,600,0,False,False
9.76626805,859.3884887695312,996.3472900390625,174.83245849609375,1295.1743106707172,1674.8404813160791,False,DEFENCE,False,57.28798585663292,600,0,False,False
9.780045217000001,859.397216796875,996.3772583007812,176.56214904785156,1311.6509692143184,1682.320188037046,False,DEFENCE,False,56.60246116027122,600,0,False,False
9.793123031,859.376220703125,996.4490356445312,178.79098510742188,1327.1683595517666,1689.3644275284294,False,DEFENCE,False,55.97643242502407,600,0,False,False
9.804841402000001,859.4157104492188,996.4864501953125,-177.5887908935547,1341.1584677970172,1695.7153454886543,False,DEFENCE,False,55.43460023854382,600,0,False,False
9.807723013,859.4146728515625,996.4920654296875,-177.31080627441406,1344.5849931225741,1697.2708431910137,False,DEFENCE,False,55.303974218884264,600,0,False,False
9.831517735000006,858.7489624023438,997.3536376953125,-176.64260864257812,1372.9000030124423,1710.1246611673373,False,DEFENCE,False,54.1955390904988,600,0,False,False
9.846680735000007,855.657958984375,1002.0441284179688,-173.00538635253906,1390.945934684772,1718.3167515756231,False,DEFENCE,False,53.2283424757262,600,0,False,False
9.860866217000002,855.6514892578125,1002.0521240234375,-170.94879150390625,1407.8291686023506,1725.9810263356294,False,DEFENCE,False,52.66537739486004,600,0,False,False
9.863678754000006,855.576416015625,1002.0032348632812,-169.12005615234375,1411.167456006549,1727.4964677503815,False,DEFENCE,False,52.5546933549833,600,0,False,False
9.865774254000002,855.5459594726562,1001.9834594726562,-168.75904846191406,1413.6639366175928,1728.6297644534584,False,DEFENCE,False,52.47307837111802,600,0,False,False
9.888028828000003,855.539306640625,1001.9505004882812,-167.18284606933594,1440.1435409985572,1740.6503858878789,False,DEFENCE,False,51.64204434375062,600,0,False,False
9.891840124000005,855.5593872070312,1001.9459228515625,-165.41879272460938,1444.690773042335,1742.7146370823573,False,DEFENCE,False,51.50486339891638,600,0,False,False
9.903603994000001,855.5449829101562,1001.9462280273438,-165.0029754638672,1458.689960430619,1749.0696765898601,False,DEFENCE,False,51.08642361200634,600,0,False,False
9.919570272000001,855.5281982421875,1001.9237670898438,-163.46766662597656,1477.6821090409908,1757.691309503517,False,DEFENCE,False,50.53851419182505,600,0,False,False
9.945452253000006,855.5470581054688,1001.9642944335938,-163.6323699951172,1508.4609713716254,1771.6636123723877,False,DEFENCE,False,49.69301138635582,600,0,False,False
9.959305309000001,855.552001953125,1001.981689453125,-163.880615234375,1524.9044342985098,1779.1282496861195,False,DEFENCE,False,49.261844506627796,600,0,False,False
9.986032013000006,855.5452270507812,1002.00390625,-164.01519775390625,1556.776482195044,1793.5968126069226,False,DEFENCE,False,48.46392565692293,600,0,False,False
10.001695328000004,866.1670532226562,1014.231201171875,-169.2899627685547,1575.4185163521795,1802.0595083536746,False,DEFENCE,False,48.004511987411476,600,0,False,False
10.027136346000006,866.1555786132812,1014.2258911132812,-172.42953491210938,1605.6248252252522,1815.7718961473308,False,DEFENCE,False,47.30680018617998,600,0,False,False
10.041812920000005,866.196044921875,1014.2365112304688,-176.5015106201172,1623.1543806375412,1823.7295735541845,False,DEFENCE,False,46.92083224748316,600,0,False,False
10.056271402,866.216552734375,1014.230712890625,-178.86737060546875,1640.331835534055,1831.5274122056662,False,DEFENCE,False,46.554283882850086,600,0,False,False
10.092377846000005,866.2177734375,1014.2311401367188,177.16632080078125,1683.3303732183713,1851.0469313155663,False,DEFENCE,False,45.682530341868755,600,0,False,False
10.106291753,866.2337036132812,1014.2296142578125,173.22821044921875,1699.8881766028362,1858.5634743653295,False,DEFENCE,False,45.36464827329808,600,0,False,False
10.109129309000004,866.2330322265625,1014.2212524414062,171.2102508544922,1703.2636317488286,1860.0957883642507,False,DEFENCE,False,45.30109573902386,600,0,False,False
10.11109742,866.2498168945312,1014.2257080078125,170.80088806152344,1705.5569665344938,1861.1368654469838,False,DEFENCE,False,45.25837378186909,600,0,False,False
10.148368457000004,866.2879028320312,1014.2391967773438,168.77587890625,1749.960785326493,1881.2943227964956,False,DEFENCE,False,44.45616982563031,600,0,False,False
10.175328494000006,877.4564208984375,1024.7210693359375,165.04580688476562,1782.0166858694593,1895.8463470496768,False,DEFENCE,False,43.92128574461162,600,0,False,False
10.189431179000003,877.4580688476562,1024.7281494140625,168.4541778564453,1798.8281378124277,1903.478035826517,False,DEFENCE,False,43.643701251788976,600,0,False,False
10.193714364000002,877.3984375,1024.779296875,170.2530975341797,1803.9195509917868,1905.7893222609657,False,DEFENCE,False,43.55767771572024,600,0,False,False
10.215622568,877.4049072265625,1024.8311767578125,172.0093536376953,1829.999673079269,1917.6285956151578,False,DEFENCE,False,43.144059971369394,600,0,False,False
10.219450679000005,877.4240112304688,1024.832275390625,173.56776428222656,1834.5548493732013,1919.696453163504,False,DEFENCE,False,43.07436119004309,600,0,False,False
10.243125216000003,877.4207153320312,1024.8359375,174.09689331054688,1862.6465690890848,1932.4489068364612,False,DEFENCE,False,42.65199180623879,600,0,False,False
10.246278124000007,877.4161987304688,1024.84912109375,177.46258544921875,1866.4816558511575,1934.1898741663272,False,DEFENCE,False,42.59524251311238,600,0,False,False
10.258690161000004,877.453125,1024.8519287109375,177.86483764648438,1881.2446261471505,1940.8916388385858,False,DEFENCE,False,42.382941682079874,600,0,False,False
10.284653568000003,877.4564819335938,1024.861083984375,179.62940979003906,1912.0600887731398,1954.8805566949204,False,DEFENCE,False,41.95281051847091,600,0,False,False
10.297794031000002,877.4348754882812,1024.8797607421875,-175.31105041503906,1927.7709783464934,1962.0126366626646,False,DEFENCE,False,41.740041409884064,600,0,False,False
10.325693346000001,877.4189453125,1024.8795166015625,-174.8648681640625,1960.9844696262548,1977.0901581937812,False,DEFENCE,False,41.30820803356845,600,0,False,False
10.349340216000002,890.29638671875,1033.8009033203125,-170.90074157714844,1989.071082324182,1989.8402934963947,False,DEFENCE,False,41.02639731862121,600,0,False,False
10.353302438,890.325439453125,1033.76171875,-166.9713897705078,1993.8291207202728,1992.000241866732,False,DEFENCE,False,40.96974408476125,600,0,False,False
10.355847938000004,890.3424682617188,1033.7452392578125,-166.3402862548828,1996.7296231963157,1993.3169474236768,False,DEFENCE,False,40.935162097190194,600,0,False,False
10.381219753000003,890.3140258789062,1033.719482421875,-164.2398681640625,2027.0542446520462,2007.0830441302985,False,DEFENCE,False,40.57265631195613,600,0,False,False
10.405179994000001,890.2926635742188,1033.720458984375,-163.258056640625,2055.559632822402,2020.023285801106,False,DEFENCE,False,40.24517398135322,600,0,False,False
10.421515031000006,890.3863525390625,1033.732421875,-161.70765686035156,2074.9004772699113,2028.803211889906,False,DEFENCE,False,40.032497512990126,600,0,False,False
10.437092512000007,890.4300537109375,1033.68505859375,-159.98129272460938,2093.541943980607,2037.2656500399528,False,DEFENCE,False,39.833309717436,600,0,False,False
10.463633198000004,890.4016723632812,1033.7349853515625,-162.2819061279297,2125.1305523805586,2051.6055434066734,False,DEFENCE,False,39.50106689007755,600,0,False,False
10.489050661,890.4292602539062,1033.776123046875,-164.8224334716797,2155.3476427359838,2065.322825537722,False,DEFENCE,False,39.19740056289734,600,0,False,False
10.492069790000002,902.62353515625,1042.4190673828125,-168.5074920654297,2158.979299949458,2066.9714444488923,False,DEFENCE,False,39.197086357996376,600,0,False,False
10.514308975000006,902.5992431640625,1042.4300537109375,-170.38595581054688,2185.435922749619,2078.9816332167657,False,DEFENCE,False,38.93873927802087,600,0,False,False
10.518733846000003,902.5944213867188,1042.4764404296875,-172.26336669921875,2190.698988476958,2081.3708426544376,False,DEFENCE,False,38.8872022217916,600,0,False,False
10.544167049000002,902.6090087890625,1042.4901123046875,-172.87814331054688,2220.909836921548,2095.085291221733,False,DEFENCE,False,38.60555960061555,600,0,False,False
10.547288864000002,902.654296875,1042.5301513671875,-176.59097290039062,2224.6907325486386,2096.801658066284,False,DEFENCE,False,38.57096841530511,600,0,False,False
10.569101253000007,902.6807250976562,1042.5462646484375,-178.43605041503906,2250.6434629104297,2108.5831009602325,False,DEFENCE,False,38.33872308834103,600,0,False,False
10.597041679,902.691162109375,1042.5399169921875,179.76927185058594,2283.8884474675892,2123.674919108469,False,DEFENCE,False,38.05213584242161,600,0,False,False
10.612724346,902.6783447265625,1042.542236328125,175.3374481201172,2302.438839024728,2132.0960129873847,False,DEFENCE,False,37.89668560735852,600,0,False,False
10.636721660000006,902.6871948242188,1042.5191650390625,172.87469482421875,1338.8167474609932,1683.3464816794794,False,DEFENCE,False,55.76186736456043,600,0,False,False
10.651556012,902.7227783203125,1042.495361328125,169.196044921875,1340.0998717447992,1683.742561649501,False,DEFENCE,False,55.70317628356785,600,0,False,False
10.676844216000006,907.6567993164062,1050.372314453125,166.9012451171875,1342.2855532347648,1684.417246611783,False,DEFENCE,False,55.56991871060699,600,0,False,False
10.680379660000007,907.665283203125,1050.3089599609375,162.94454956054688,1342.5949548466338,1684.512753947043,False,DEFENCE,False,55.55811837462161,600,0,False,False
10.704566383000007,907.6646728515625,1050.3265380859375,163.24484252929688,1344.688176941949,1685.1588981711254,False,DEFENCE,False,55.456175444323236,600,0,False,False
10.720694012000003,907.6908569335938,1050.3009033203125,165.4946746826172,1403.8791630812107,1645.8391483374305,False,DEFENCE,False,50.19974180266715,600,0,False,False
10.74596142,907.7479858398438,1050.2891845703125,166.98388671875,1423.4797045069377,1634.5397824296124,False,DEFENCE,False,48.564399807294805,600,0,False,False
10.760198809000002,907.7637329101562,1050.2615966796875,170.3524627685547,1344.7432569613165,1690.509620492125,False,DEFENCE,False,55.68583785081171,600,0,False,False
10.785762549000005,907.7490234375,1050.254638671875,172.21725463867188,1306.533961109995,1719.3724112797804,False,DEFENCE,False,59.20564265157527,600,0,False,False
10.798633790000004,907.6746215820312,1050.19873046875,175.9987335205078,1287.2250493164568,1733.9581048660418,False,DEFENCE,False,60.96562709092564,600,0,False,False
10.812442142000002,907.6851806640625,1050.2247314453125,177.88699340820312,1266.6256180292705,1749.5186396086933,False,DEFENCE,False,62.82903251075888,600,0,False,False
10.837042901000004,911.4122314453125,1057.452392578125,179.9333953857422,1229.7357418869647,1777.3847584039988,False,DEFENCE,False,66.1470215115912,600,0,False,False
10.840071716000004,911.4472045898438,1057.47607421875,-174.05471801757812,1225.2180316772417,1780.7973762425968,False,DEFENCE,False,66.54919696998651,600,0,False,False
10.854389123000004,911.439697265625,1057.47998046875,-173.3302001953125,1203.8347266473008,1796.9500387211035,False,DEFENCE,False,68.42558355742334,600,0,False,False
10.879027512,911.4622802734375,1057.467529296875,-169.70010375976562,1166.9027489566813,1824.8479604626225,False,DEFENCE,False,71.58877580124269,600,0,False,False
10.893302049000006,911.471923828125,1057.3836669921875,-165.66427612304688,1145.6921316333828,1840.8701769583554,False,DEFENCE,False,73.35617193787184,600,0,False,False
10.896677623000002,911.467529296875,1057.39404296875,-163.35061645507812,1140.504364578465,1844.7889467714351,False,DEFENCE,False,73.78138292558891,600,0,False,False
10.933322438000005,911.5100708007812,1057.3275146484375,-161.11671447753906,1085.6531829814394,1886.2227953576787,False,DEFENCE,False,78.13524887379194,600,0,False,False
10.946337216000003,911.541259765625,1057.3857421875,-164.35186767578125,1066.1762217874289,1900.9354312123007,False,DEFENCE,False,79.61218140141563,600,0,False,False
10.958672049,911.5294189453125,1057.391845703125,-165.90774536132812,1047.716833608592,1914.8794060279336,False,DEFENCE,False,80.97557578105975,600,0,False,False
10.972213216,911.52783203125,1057.3565673828125,-167.4268798828125,1027.4538579151326,1930.1857867173708,False,DEFENCE,False,82.43445992177355,600,0,False,False
10.990785994000007,913.1712036132812,1065.3328857421875,-169.0323028564453,999.6643384786544,1951.1776178336936,False,DEFENCE,False,84.42336487249764,600,0,False,False
11.003883586,913.1497802734375,1065.31005859375,-171.04513549804688,980.1306472322551,1965.9331068107556,False,DEFENCE,False,85.74664593335193,600,0,False,False
11.028465771,913.1542358398438,1065.3306884765625,-172.46717834472656,943.2682441341877,1993.7784728360743,False,DEFENCE,False,88.14227473100918,600,0,False,False
11.042056216000006,913.1319580078125,1065.3099365234375,-175.77798461914062,922.9364074337409,2009.1368702087252,False,DEFENCE,False,89.40483435305859,600,0,False,False
11.056724327000005,913.169921875,1065.283447265625,-177.61073303222656,1280.0607321862487,1748.1156153310035,False,DEFENCE,False,61.75053054713464,600,0,False,False
11.070713660000003,913.2097778320312,1065.241943359375,179.0938262939453,1296.1380482855006,1739.2112127798914,False,DEFENCE,False,60.39611572241313,600,0,False,False
11.092826919000004,913.20263671875,1065.21533203125,178.91061401367188,1301.678015962367,1736.0025681629745,False,DEFENCE,False,59.92342922754166,600,0,False,False
11.098810901,913.2298583984375,1065.2196044921875,177.99172973632812,1303.1676637386245,1735.1397923135144,False,DEFENCE,False,59.79776754633975,600,0,False,False
11.135992919000003,913.2344360351562,1065.2474365234375,177.3117218017578,1312.4433743301017,1729.7674759764166,False,DEFENCE,False,59.00475046133466,600,0,False,False
11.152009790000001,921.849365234375,1078.6783447265625,177.4438934326172,1316.4353093128786,1727.4554226503556,False,DEFENCE,False,58.69205071884035,600,0,False,False
11.154024456000002,921.8438720703125,1078.6829833984375,177.51751708984375,1316.9391913685074,1727.1635836831165,False,DEFENCE,False,58.64758910441947,600,0,False,False
11.166785975000003,921.8390502929688,1078.6749267578125,177.52664184570312,1320.1108242012535,1725.3266338651379,False,DEFENCE,False,58.371149426833135,600,0,False,False
11.180259308000004,921.8744506835938,1078.6629638671875,177.59288024902344,1323.4823451131763,1723.3739126480018,False,DEFENCE,False,58.080104619678146,600,0,False,False
11.203579808,921.8446044921875,1078.704345703125,178.1906280517578,1305.8834239848059,1752.0414244077112,False,DEFENCE,False,60.30166094816895,600,0,False,False
11.206841864000005,921.8207397460938,1078.7171630859375,179.2493896484375,1306.0071050007068,1752.5131270400489,False,DEFENCE,False,60.30898753949355,600,0,False,False
11.209849308000003,921.8404541015625,1078.7313232421875,179.3807830810547,1306.1180938204218,1752.936423356288,False,DEFENCE,False,60.31809569642213,600,0,False,False
11.222618234000002,921.8558349609375,1078.723876953125,179.52474975585938,1306.6050595301515,1754.7936445754415,False,DEFENCE,False,60.35592888016541,600,0,False,False
11.248617549000002,921.9063110351562,1078.7786865234375,-179.45143127441406,1307.5909589120631,1758.55373120054,False,DEFENCE,False,60.43068039984482,600,0,False,False
11.264895642000006,921.9196166992188,1078.788818359375,-178.88853454589844,1308.2108939353307,1760.9180793603884,False,DEFENCE,False,60.47702843095602,600,0,False,False
11.289899530000007,921.905517578125,1078.825439453125,-178.22979736328125,1309.1612968113611,1764.5427871228464,False,DEFENCE,False,60.54460667121198,600,0,False,False
11.313917049000004,928.9813232421875,1091.8680419921875,-177.25428771972656,1310.0706537405247,1768.0109512068518,False,DEFENCE,False,60.59341545774712,600,0,False,False
11.340317160000005,928.9772338867188,1091.8251953125,-176.29891967773438,1311.07545562289,1771.8431294068532,False,DEFENCE,False,60.668614679727916,600,0,False,False
11.344836456000003,928.9548950195312,1091.7701416015625,-176.49830627441406,1311.2471261765813,1772.4978576323706,False,DEFENCE,False,60.681718483006584,600,0,False,False
11.357593882000003,928.9567260742188,1091.7801513671875,-176.52816772460938,1311.7309867341771,1774.343236222122,False,DEFENCE,False,60.71674617233995,600,0,False,False
11.371765271000001,928.990966796875,1091.8192138671875,-176.6177520751953,1312.2693639860897,1776.3965340954287,False,DEFENCE,False,60.75658343065443,600,0,False,False
11.384520864000002,928.98486328125,1091.8306884765625,-177.45916748046875,1307.8539170259553,1768.0901627542257,False,DEFENCE,False,60.740613328408635,600,0,False,False
11.408108512000005,928.9418334960938,1091.8189697265625,-178.20420837402344,1308.1107044087926,1770.1815751224917,False,DEFENCE,False,60.79711515388466,600,0,False,False
11.435668993,929.050048828125,1091.7861328125,-179.64219665527344,1320.09495841843,1761.0786810447512,False,DEFENCE,False,59.70370639389058,600,0,False,False
11.438664308,929.0706787109375,1091.7557373046875,178.61524963378906,1320.808957826169,1760.6697130797368,False,DEFENCE,False,59.64534083272246,600,0,False,False
11.462318197000002,929.0652465820312,1091.76123046875,178.39471435546875,1326.4730792366395,1757.425390771165,False,DEFENCE,False,59.162396898410954,600,0,False,False
11.478838938000003,936.6161499023438,1102.6051025390625,176.8775177001953,1302.2659258949627,1786.1026356379448,False,DEFENCE,False,61.854613784253075,600,0,False,False
11.494549290000002,936.6184692382812,1102.5968017578125,176.06549072265625,1306.165714818219,1783.9949744292626,False,DEFENCE,False,61.52739764569241,600,0,False,False
11.506687993,936.5894165039062,1102.5374755859375,175.31021118164062,1309.1703840877713,1782.3710852934714,False,DEFENCE,False,61.27517499104633,600,0,False,False
11.523838864000005,936.5927734375,1102.5264892578125,174.7270965576172,1313.4192360270765,1780.0747711620822,False,DEFENCE,False,60.91886037088976,600,0,False,False
11.547309993000006,936.5787353515625,1102.500244140625,173.8769073486328,1319.2218404748223,1776.9387234055207,False,DEFENCE,False,60.43156279272982,600,0,False,False
11.550279030000006,936.5712890625,1102.427978515625,173.67642211914062,1319.9660713970836,1776.5364999323997,False,DEFENCE,False,60.37123068450877,600,0,False,False
11.572318401000004,936.5230102539062,1102.420166015625,173.55441284179688,1325.4231548177816,1773.5871908121653,False,DEFENCE,False,59.91033769395496,600,0,False,False
11.599471086000001,936.4933471679688,1102.4310302734375,173.43934631347656,1332.1290254939336,1769.96296812404,False,DEFENCE,False,59.345444707902466,600,0,False,False
11.626408327,936.481689453125,1102.440185546875,174.7987060546875,1298.0093217545332,1788.1270000024601,False,DEFENCE,False,62.1996085585384,600,0,False,False
11.630200715,943.9401245117188,1116.4007568359375,176.0259552001953,1297.7748729763568,1788.2457716628578,False,DEFENCE,False,62.22596088354225,600,0,False,False
11.653851975000002,943.9454956054688,1116.3897705078125,176.20152282714844,1302.7663522564826,1803.4969159137836,False,DEFENCE,False,62.42555159793663,600,0,False,False
11.680230252000001,943.998779296875,1116.3572998046875,177.29855346679688,1307.349676667124,1818.305589256745,False,DEFENCE,False,62.632470018718486,600,0,False,False
11.68386203,943.9246826171875,1116.3056640625,178.49819946289062,1307.9815082587154,1820.3470305359003,False,DEFENCE,False,62.656705656929596,600,0,False,False
11.698303771000006,943.928955078125,1116.2696533203125,178.7068328857422,1310.4837120143063,1828.431624759265,False,DEFENCE,False,62.76480235134581,600,0,False,False
11.723599049,943.929931640625,1116.2830810546875,179.48219299316406,1314.871394610887,1842.6081814425536,False,DEFENCE,False,62.946146348989295,600,0,False,False
11.73741966,943.9602661132812,1116.290283203125,-179.15103149414062,1317.279233370485,1850.387883348581,False,DEFENCE,False,63.04478232870806,600,0,False,False
11.761753456000001,943.9549560546875,1116.29345703125,-178.59873962402344,1321.5039294081967,1864.0378321609594,False,DEFENCE,False,63.21000596901801,600,0,False,False
11.789536252000005,943.92041015625,1116.3485107421875,-177.63951110839844,1326.3202691378908,1879.5993755682234,False,DEFENCE,False,63.38845992642585,600,0,False,False
11.802338141,950.5869750976562,1130.1923828125,-175.9486083984375,1328.5499318853178,1886.8033926382254,False,DEFENCE,False,63.45570465721651,600,0,False,False
11.817996641,950.5778198242188,1130.22900390625,-175.16468811035156,1331.2665262896999,1895.580680810629,False,DEFENCE,False,63.554080961707925,600,0,False,False
11.843264697000002,950.5772705078125,1130.2376708984375,-175.80848693847656,1335.6493664720122,1909.7415917039489,False,DEFENCE,False,63.710795925852196,600,0,False,False
11.847577067000003,950.6145629882812,1130.24609375,-176.82334899902344,1336.402713690023,1912.1756487040263,False,DEFENCE,False,63.73920496647761,600,0,False,False
11.870284882,950.6088256835938,1130.2515869140625,-177.3839569091797,1340.3352507335617,1924.881634854964,False,DEFENCE,False,63.87435168082784,600,0,False,False
11.897594308000002,950.6361694335938,1130.2464599609375,-177.90150451660156,1345.0848313674064,1940.2274803201817,False,DEFENCE,False,64.03460941643706,600,0,False,False
11.900690512000004,950.6803588867188,1130.38427734375,-179.806884765625,1345.6227946208787,1941.9656339784065,False,DEFENCE,False,64.0509073819405,600,0,False,False
11.914252326000003,950.66943359375,1130.3623046875,179.98202514648438,1347.968013100241,1949.5430104124464,False,DEFENCE,False,64.1268448224963,600,0,False,False
11.927217215000006,950.6402587890625,1130.34423828125,178.36622619628906,1350.227268379306,1956.8426406433678,False,DEFENCE,False,64.1976360040309,600,0,False,False
11.942390697,950.6421508789062,1130.31787109375,178.1416473388672,1352.8555818466473,1965.33469402942,False,DEFENCE,False,64.28067247682029,600,0,False,False
11.955430049,957.2177124023438,1144.7685546875,176.4404296875,1355.1253911055276,1972.668424058991,False,DEFENCE,False,64.32999237747697,600,0,False,False
11.968292475000005,957.2022094726562,1144.7642822265625,176.24533081054688,1357.358778787007,1979.8844763520458,False,DEFENCE,False,64.39810205550963,600,0,False,False
11.981922215000004,957.2042846679688,1144.7216796875,175.35592651367188,1359.7251052259992,1987.5300523833848,False,DEFENCE,False,64.47110585672358,600,0,False,False
11.986267808000001,957.2440795898438,1144.7362060546875,174.45811462402344,1360.4717061745594,1989.9423122572666,False,DEFENCE,False,64.49530639023426,600,0,False,False
12.013294993000002,957.242431640625,1144.68505859375,174.22767639160156,1341.6461132964246,1817.8139065605985,False,DEFENCE,False,60.27060919835704,600,0,False,False
12.035909382000007,957.2454223632812,1144.650146484375,173.8246307373047,1302.2800855152827,1838.7824952906349,False,DEFENCE,False,63.5692554639628,600,0,False,False
12.040108549000003,957.2752685546875,1144.640869140625,174.0000762939453,1295.0105643016088,1842.6546563692496,False,DEFENCE,False,64.17989336664888,600,0,False,False
12.064484215,957.2672729492188,1144.6497802734375,174.19778442382812,1252.6107633845509,1865.2392054786496,False,DEFENCE,False,67.71305384135336,600,0,False,False
12.089024993000002,957.2410278320312,1144.673095703125,174.37994384765625,1209.847922055304,1888.017130590777,False,DEFENCE,False,71.23095450861815,600,0,False,False
12.092843030000004,957.2540893554688,1144.71435546875,175.27154541015625,1203.2073942872057,1891.554253932095,False,DEFENCE,False,71.77197597668754,600,0,False,False
12.118836919000003,959.8336791992188,1152.35205078125,175.7704620361328,1157.993304094858,1915.6378538146382,False,DEFENCE,False,75.44650544069907,600,0,False,False
